[0.472s] DEBUG:colcon:Command line arguments: ['/usr/bin/colcon', 'build']
[0.473s] DEBUG:colcon:Parsed command line arguments: Namespace(log_base=None, log_level=None, verb_name='build', build_base='build', install_base='install', merge_install=False, symlink_install=False, test_result_base=None, continue_on_error=False, executor='parallel', parallel_workers=4, event_handlers=None, ignore_user_meta=False, metas=['./colcon.meta'], base_paths=['.'], packages_ignore=None, packages_ignore_regex=None, paths=None, packages_up_to=None, packages_up_to_regex=None, packages_above=None, packages_above_and_dependencies=None, packages_above_depth=None, packages_select_by_dep=None, packages_skip_by_dep=None, packages_skip_up_to=None, packages_select_build_failed=False, packages_skip_build_finished=False, packages_select_test_failures=False, packages_skip_test_passed=False, packages_select=None, packages_skip=None, packages_select_regex=None, packages_skip_regex=None, packages_start=None, packages_end=None, allow_overriding=[], cmake_args=None, cmake_target=None, cmake_target_skip_unavailable=False, cmake_clean_cache=False, cmake_clean_first=False, cmake_force_configure=False, ament_cmake_args=None, catkin_cmake_args=None, catkin_skip_building_tests=False, mixin_files=None, mixin=None, verb_parser=<colcon_mixin.mixin.mixin_argument.MixinArgumentDecorator object at 0xffffb695ce20>, verb_extension=<colcon_core.verb.build.BuildVerb object at 0xffffb6a81d20>, main=<bound method BuildVerb.main of <colcon_core.verb.build.BuildVerb object at 0xffffb6a81d20>>, mixin_verb=('build',))
[1.173s] Level 1:colcon.colcon_core.package_discovery:discover_packages(colcon_meta) check parameters
[1.173s] Level 1:colcon.colcon_core.package_discovery:discover_packages(recursive) check parameters
[1.174s] Level 1:colcon.colcon_core.package_discovery:discover_packages(ignore) check parameters
[1.174s] Level 1:colcon.colcon_core.package_discovery:discover_packages(path) check parameters
[1.174s] Level 1:colcon.colcon_core.package_discovery:discover_packages(colcon_meta) discover
[1.174s] Level 1:colcon.colcon_core.package_discovery:discover_packages(recursive) discover
[1.174s] INFO:colcon.colcon_core.package_discovery:Crawling recursively for packages in '/home/capstone2526/cmdr_ws/src/carleton-mail-delivery-robot'
[1.175s] Level 1:colcon.colcon_core.package_identification:_identify(.) by extensions ['ignore', 'ignore_ament_install']
[1.175s] Level 1:colcon.colcon_core.package_identification:_identify(.) by extension 'ignore'
[1.176s] Level 1:colcon.colcon_core.package_identification:_identify(.) by extension 'ignore_ament_install'
[1.176s] Level 1:colcon.colcon_core.package_identification:_identify(.) by extensions ['colcon_pkg']
[1.176s] Level 1:colcon.colcon_core.package_identification:_identify(.) by extension 'colcon_pkg'
[1.176s] Level 1:colcon.colcon_core.package_identification:_identify(.) by extensions ['colcon_meta']
[1.176s] Level 1:colcon.colcon_core.package_identification:_identify(.) by extension 'colcon_meta'
[1.177s] Level 1:colcon.colcon_core.package_identification:_identify(.) by extensions ['ros']
[1.177s] Level 1:colcon.colcon_core.package_identification:_identify(.) by extension 'ros'
[1.226s] Level 1:colcon.colcon_core.package_identification:_identify(.) by extensions ['cmake', 'python']
[1.226s] Level 1:colcon.colcon_core.package_identification:_identify(.) by extension 'cmake'
[1.226s] Level 1:colcon.colcon_core.package_identification:_identify(.) by extension 'python'
[1.227s] Level 1:colcon.colcon_core.package_identification:_identify(.) by extensions ['python_setup_py']
[1.227s] Level 1:colcon.colcon_core.package_identification:_identify(.) by extension 'python_setup_py'
[1.227s] Level 1:colcon.colcon_core.package_identification:_identify(build) by extensions ['ignore', 'ignore_ament_install']
[1.228s] Level 1:colcon.colcon_core.package_identification:_identify(build) by extension 'ignore'
[1.228s] Level 1:colcon.colcon_core.package_identification:_identify(build) ignored
[1.228s] Level 1:colcon.colcon_core.package_identification:_identify(documents) by extensions ['ignore', 'ignore_ament_install']
[1.229s] Level 1:colcon.colcon_core.package_identification:_identify(documents) by extension 'ignore'
[1.229s] Level 1:colcon.colcon_core.package_identification:_identify(documents) by extension 'ignore_ament_install'
[1.229s] Level 1:colcon.colcon_core.package_identification:_identify(documents) by extensions ['colcon_pkg']
[1.229s] Level 1:colcon.colcon_core.package_identification:_identify(documents) by extension 'colcon_pkg'
[1.230s] Level 1:colcon.colcon_core.package_identification:_identify(documents) by extensions ['colcon_meta']
[1.230s] Level 1:colcon.colcon_core.package_identification:_identify(documents) by extension 'colcon_meta'
[1.230s] Level 1:colcon.colcon_core.package_identification:_identify(documents) by extensions ['ros']
[1.230s] Level 1:colcon.colcon_core.package_identification:_identify(documents) by extension 'ros'
[1.231s] Level 1:colcon.colcon_core.package_identification:_identify(documents) by extensions ['cmake', 'python']
[1.231s] Level 1:colcon.colcon_core.package_identification:_identify(documents) by extension 'cmake'
[1.231s] Level 1:colcon.colcon_core.package_identification:_identify(documents) by extension 'python'
[1.231s] Level 1:colcon.colcon_core.package_identification:_identify(documents) by extensions ['python_setup_py']
[1.231s] Level 1:colcon.colcon_core.package_identification:_identify(documents) by extension 'python_setup_py'
[1.232s] Level 1:colcon.colcon_core.package_identification:_identify(install) by extensions ['ignore', 'ignore_ament_install']
[1.232s] Level 1:colcon.colcon_core.package_identification:_identify(install) by extension 'ignore'
[1.232s] Level 1:colcon.colcon_core.package_identification:_identify(install) ignored
[1.233s] Level 1:colcon.colcon_core.package_identification:_identify(log) by extensions ['ignore', 'ignore_ament_install']
[1.233s] Level 1:colcon.colcon_core.package_identification:_identify(log) by extension 'ignore'
[1.233s] Level 1:colcon.colcon_core.package_identification:_identify(log) ignored
[1.234s] Level 1:colcon.colcon_core.package_identification:_identify(mail-delivery-robot) by extensions ['ignore', 'ignore_ament_install']
[1.234s] Level 1:colcon.colcon_core.package_identification:_identify(mail-delivery-robot) by extension 'ignore'
[1.234s] Level 1:colcon.colcon_core.package_identification:_identify(mail-delivery-robot) by extension 'ignore_ament_install'
[1.235s] Level 1:colcon.colcon_core.package_identification:_identify(mail-delivery-robot) by extensions ['colcon_pkg']
[1.235s] Level 1:colcon.colcon_core.package_identification:_identify(mail-delivery-robot) by extension 'colcon_pkg'
[1.235s] Level 1:colcon.colcon_core.package_identification:_identify(mail-delivery-robot) by extensions ['colcon_meta']
[1.235s] Level 1:colcon.colcon_core.package_identification:_identify(mail-delivery-robot) by extension 'colcon_meta'
[1.235s] Level 1:colcon.colcon_core.package_identification:_identify(mail-delivery-robot) by extensions ['ros']
[1.235s] Level 1:colcon.colcon_core.package_identification:_identify(mail-delivery-robot) by extension 'ros'
[1.244s] DEBUG:colcon.colcon_core.package_identification:Package 'mail-delivery-robot' with type 'ros.ament_python' and name 'mail-delivery-robot'
[1.245s] Level 1:colcon.colcon_core.package_identification:_identify(webapp) by extensions ['ignore', 'ignore_ament_install']
[1.245s] Level 1:colcon.colcon_core.package_identification:_identify(webapp) by extension 'ignore'
[1.246s] Level 1:colcon.colcon_core.package_identification:_identify(webapp) by extension 'ignore_ament_install'
[1.246s] Level 1:colcon.colcon_core.package_identification:_identify(webapp) by extensions ['colcon_pkg']
[1.246s] Level 1:colcon.colcon_core.package_identification:_identify(webapp) by extension 'colcon_pkg'
[1.247s] Level 1:colcon.colcon_core.package_identification:_identify(webapp) by extensions ['colcon_meta']
[1.247s] Level 1:colcon.colcon_core.package_identification:_identify(webapp) by extension 'colcon_meta'
[1.247s] Level 1:colcon.colcon_core.package_identification:_identify(webapp) by extensions ['ros']
[1.247s] Level 1:colcon.colcon_core.package_identification:_identify(webapp) by extension 'ros'
[1.247s] Level 1:colcon.colcon_core.package_identification:_identify(webapp) by extensions ['cmake', 'python']
[1.248s] Level 1:colcon.colcon_core.package_identification:_identify(webapp) by extension 'cmake'
[1.248s] Level 1:colcon.colcon_core.package_identification:_identify(webapp) by extension 'python'
[1.248s] Level 1:colcon.colcon_core.package_identification:_identify(webapp) by extensions ['python_setup_py']
[1.248s] Level 1:colcon.colcon_core.package_identification:_identify(webapp) by extension 'python_setup_py'
[1.249s] Level 1:colcon.colcon_core.package_identification:_identify(webapp/src) by extensions ['ignore', 'ignore_ament_install']
[1.249s] Level 1:colcon.colcon_core.package_identification:_identify(webapp/src) by extension 'ignore'
[1.249s] Level 1:colcon.colcon_core.package_identification:_identify(webapp/src) by extension 'ignore_ament_install'
[1.249s] Level 1:colcon.colcon_core.package_identification:_identify(webapp/src) by extensions ['colcon_pkg']
[1.250s] Level 1:colcon.colcon_core.package_identification:_identify(webapp/src) by extension 'colcon_pkg'
[1.250s] Level 1:colcon.colcon_core.package_identification:_identify(webapp/src) by extensions ['colcon_meta']
[1.250s] Level 1:colcon.colcon_core.package_identification:_identify(webapp/src) by extension 'colcon_meta'
[1.250s] Level 1:colcon.colcon_core.package_identification:_identify(webapp/src) by extensions ['ros']
[1.250s] Level 1:colcon.colcon_core.package_identification:_identify(webapp/src) by extension 'ros'
[1.251s] Level 1:colcon.colcon_core.package_identification:_identify(webapp/src) by extensions ['cmake', 'python']
[1.251s] Level 1:colcon.colcon_core.package_identification:_identify(webapp/src) by extension 'cmake'
[1.251s] Level 1:colcon.colcon_core.package_identification:_identify(webapp/src) by extension 'python'
[1.251s] Level 1:colcon.colcon_core.package_identification:_identify(webapp/src) by extensions ['python_setup_py']
[1.251s] Level 1:colcon.colcon_core.package_identification:_identify(webapp/src) by extension 'python_setup_py'
[1.252s] Level 1:colcon.colcon_core.package_identification:_identify(webapp/src/main) by extensions ['ignore', 'ignore_ament_install']
[1.252s] Level 1:colcon.colcon_core.package_identification:_identify(webapp/src/main) by extension 'ignore'
[1.252s] Level 1:colcon.colcon_core.package_identification:_identify(webapp/src/main) by extension 'ignore_ament_install'
[1.253s] Level 1:colcon.colcon_core.package_identification:_identify(webapp/src/main) by extensions ['colcon_pkg']
[1.253s] Level 1:colcon.colcon_core.package_identification:_identify(webapp/src/main) by extension 'colcon_pkg'
[1.253s] Level 1:colcon.colcon_core.package_identification:_identify(webapp/src/main) by extensions ['colcon_meta']
[1.253s] Level 1:colcon.colcon_core.package_identification:_identify(webapp/src/main) by extension 'colcon_meta'
[1.253s] Level 1:colcon.colcon_core.package_identification:_identify(webapp/src/main) by extensions ['ros']
[1.254s] Level 1:colcon.colcon_core.package_identification:_identify(webapp/src/main) by extension 'ros'
[1.254s] Level 1:colcon.colcon_core.package_identification:_identify(webapp/src/main) by extensions ['cmake', 'python']
[1.254s] Level 1:colcon.colcon_core.package_identification:_identify(webapp/src/main) by extension 'cmake'
[1.254s] Level 1:colcon.colcon_core.package_identification:_identify(webapp/src/main) by extension 'python'
[1.255s] Level 1:colcon.colcon_core.package_identification:_identify(webapp/src/main) by extensions ['python_setup_py']
[1.255s] Level 1:colcon.colcon_core.package_identification:_identify(webapp/src/main) by extension 'python_setup_py'
[1.255s] Level 1:colcon.colcon_core.package_identification:_identify(webapp/src/main/java) by extensions ['ignore', 'ignore_ament_install']
[1.256s] Level 1:colcon.colcon_core.package_identification:_identify(webapp/src/main/java) by extension 'ignore'
[1.256s] Level 1:colcon.colcon_core.package_identification:_identify(webapp/src/main/java) by extension 'ignore_ament_install'
[1.256s] Level 1:colcon.colcon_core.package_identification:_identify(webapp/src/main/java) by extensions ['colcon_pkg']
[1.256s] Level 1:colcon.colcon_core.package_identification:_identify(webapp/src/main/java) by extension 'colcon_pkg'
[1.256s] Level 1:colcon.colcon_core.package_identification:_identify(webapp/src/main/java) by extensions ['colcon_meta']
[1.257s] Level 1:colcon.colcon_core.package_identification:_identify(webapp/src/main/java) by extension 'colcon_meta'
[1.257s] Level 1:colcon.colcon_core.package_identification:_identify(webapp/src/main/java) by extensions ['ros']
[1.257s] Level 1:colcon.colcon_core.package_identification:_identify(webapp/src/main/java) by extension 'ros'
[1.257s] Level 1:colcon.colcon_core.package_identification:_identify(webapp/src/main/java) by extensions ['cmake', 'python']
[1.258s] Level 1:colcon.colcon_core.package_identification:_identify(webapp/src/main/java) by extension 'cmake'
[1.258s] Level 1:colcon.colcon_core.package_identification:_identify(webapp/src/main/java) by extension 'python'
[1.258s] Level 1:colcon.colcon_core.package_identification:_identify(webapp/src/main/java) by extensions ['python_setup_py']
[1.258s] Level 1:colcon.colcon_core.package_identification:_identify(webapp/src/main/java) by extension 'python_setup_py'
[1.259s] Level 1:colcon.colcon_core.package_identification:_identify(webapp/src/main/java/com) by extensions ['ignore', 'ignore_ament_install']
[1.259s] Level 1:colcon.colcon_core.package_identification:_identify(webapp/src/main/java/com) by extension 'ignore'
[1.260s] Level 1:colcon.colcon_core.package_identification:_identify(webapp/src/main/java/com) by extension 'ignore_ament_install'
[1.260s] Level 1:colcon.colcon_core.package_identification:_identify(webapp/src/main/java/com) by extensions ['colcon_pkg']
[1.260s] Level 1:colcon.colcon_core.package_identification:_identify(webapp/src/main/java/com) by extension 'colcon_pkg'
[1.260s] Level 1:colcon.colcon_core.package_identification:_identify(webapp/src/main/java/com) by extensions ['colcon_meta']
[1.260s] Level 1:colcon.colcon_core.package_identification:_identify(webapp/src/main/java/com) by extension 'colcon_meta'
[1.261s] Level 1:colcon.colcon_core.package_identification:_identify(webapp/src/main/java/com) by extensions ['ros']
[1.261s] Level 1:colcon.colcon_core.package_identification:_identify(webapp/src/main/java/com) by extension 'ros'
[1.261s] Level 1:colcon.colcon_core.package_identification:_identify(webapp/src/main/java/com) by extensions ['cmake', 'python']
[1.262s] Level 1:colcon.colcon_core.package_identification:_identify(webapp/src/main/java/com) by extension 'cmake'
[1.262s] Level 1:colcon.colcon_core.package_identification:_identify(webapp/src/main/java/com) by extension 'python'
[1.262s] Level 1:colcon.colcon_core.package_identification:_identify(webapp/src/main/java/com) by extensions ['python_setup_py']
[1.262s] Level 1:colcon.colcon_core.package_identification:_identify(webapp/src/main/java/com) by extension 'python_setup_py'
[1.263s] Level 1:colcon.colcon_core.package_identification:_identify(webapp/src/main/java/com/cmds) by extensions ['ignore', 'ignore_ament_install']
[1.263s] Level 1:colcon.colcon_core.package_identification:_identify(webapp/src/main/java/com/cmds) by extension 'ignore'
[1.263s] Level 1:colcon.colcon_core.package_identification:_identify(webapp/src/main/java/com/cmds) by extension 'ignore_ament_install'
[1.264s] Level 1:colcon.colcon_core.package_identification:_identify(webapp/src/main/java/com/cmds) by extensions ['colcon_pkg']
[1.264s] Level 1:colcon.colcon_core.package_identification:_identify(webapp/src/main/java/com/cmds) by extension 'colcon_pkg'
[1.264s] Level 1:colcon.colcon_core.package_identification:_identify(webapp/src/main/java/com/cmds) by extensions ['colcon_meta']
[1.264s] Level 1:colcon.colcon_core.package_identification:_identify(webapp/src/main/java/com/cmds) by extension 'colcon_meta'
[1.264s] Level 1:colcon.colcon_core.package_identification:_identify(webapp/src/main/java/com/cmds) by extensions ['ros']
[1.265s] Level 1:colcon.colcon_core.package_identification:_identify(webapp/src/main/java/com/cmds) by extension 'ros'
[1.265s] Level 1:colcon.colcon_core.package_identification:_identify(webapp/src/main/java/com/cmds) by extensions ['cmake', 'python']
[1.265s] Level 1:colcon.colcon_core.package_identification:_identify(webapp/src/main/java/com/cmds) by extension 'cmake'
[1.265s] Level 1:colcon.colcon_core.package_identification:_identify(webapp/src/main/java/com/cmds) by extension 'python'
[1.266s] Level 1:colcon.colcon_core.package_identification:_identify(webapp/src/main/java/com/cmds) by extensions ['python_setup_py']
[1.266s] Level 1:colcon.colcon_core.package_identification:_identify(webapp/src/main/java/com/cmds) by extension 'python_setup_py'
[1.266s] Level 1:colcon.colcon_core.package_identification:_identify(webapp/src/main/java/com/cmds/webapp) by extensions ['ignore', 'ignore_ament_install']
[1.267s] Level 1:colcon.colcon_core.package_identification:_identify(webapp/src/main/java/com/cmds/webapp) by extension 'ignore'
[1.267s] Level 1:colcon.colcon_core.package_identification:_identify(webapp/src/main/java/com/cmds/webapp) by extension 'ignore_ament_install'
[1.267s] Level 1:colcon.colcon_core.package_identification:_identify(webapp/src/main/java/com/cmds/webapp) by extensions ['colcon_pkg']
[1.267s] Level 1:colcon.colcon_core.package_identification:_identify(webapp/src/main/java/com/cmds/webapp) by extension 'colcon_pkg'
[1.268s] Level 1:colcon.colcon_core.package_identification:_identify(webapp/src/main/java/com/cmds/webapp) by extensions ['colcon_meta']
[1.268s] Level 1:colcon.colcon_core.package_identification:_identify(webapp/src/main/java/com/cmds/webapp) by extension 'colcon_meta'
[1.268s] Level 1:colcon.colcon_core.package_identification:_identify(webapp/src/main/java/com/cmds/webapp) by extensions ['ros']
[1.268s] Level 1:colcon.colcon_core.package_identification:_identify(webapp/src/main/java/com/cmds/webapp) by extension 'ros'
[1.269s] Level 1:colcon.colcon_core.package_identification:_identify(webapp/src/main/java/com/cmds/webapp) by extensions ['cmake', 'python']
[1.269s] Level 1:colcon.colcon_core.package_identification:_identify(webapp/src/main/java/com/cmds/webapp) by extension 'cmake'
[1.269s] Level 1:colcon.colcon_core.package_identification:_identify(webapp/src/main/java/com/cmds/webapp) by extension 'python'
[1.269s] Level 1:colcon.colcon_core.package_identification:_identify(webapp/src/main/java/com/cmds/webapp) by extensions ['python_setup_py']
[1.269s] Level 1:colcon.colcon_core.package_identification:_identify(webapp/src/main/java/com/cmds/webapp) by extension 'python_setup_py'
[1.270s] Level 1:colcon.colcon_core.package_identification:_identify(webapp/src/main/java/com/cmds/webapp/aspect) by extensions ['ignore', 'ignore_ament_install']
[1.271s] Level 1:colcon.colcon_core.package_identification:_identify(webapp/src/main/java/com/cmds/webapp/aspect) by extension 'ignore'
[1.271s] Level 1:colcon.colcon_core.package_identification:_identify(webapp/src/main/java/com/cmds/webapp/aspect) by extension 'ignore_ament_install'
[1.271s] Level 1:colcon.colcon_core.package_identification:_identify(webapp/src/main/java/com/cmds/webapp/aspect) by extensions ['colcon_pkg']
[1.271s] Level 1:colcon.colcon_core.package_identification:_identify(webapp/src/main/java/com/cmds/webapp/aspect) by extension 'colcon_pkg'
[1.271s] Level 1:colcon.colcon_core.package_identification:_identify(webapp/src/main/java/com/cmds/webapp/aspect) by extensions ['colcon_meta']
[1.272s] Level 1:colcon.colcon_core.package_identification:_identify(webapp/src/main/java/com/cmds/webapp/aspect) by extension 'colcon_meta'
[1.272s] Level 1:colcon.colcon_core.package_identification:_identify(webapp/src/main/java/com/cmds/webapp/aspect) by extensions ['ros']
[1.272s] Level 1:colcon.colcon_core.package_identification:_identify(webapp/src/main/java/com/cmds/webapp/aspect) by extension 'ros'
[1.273s] Level 1:colcon.colcon_core.package_identification:_identify(webapp/src/main/java/com/cmds/webapp/aspect) by extensions ['cmake', 'python']
[1.273s] Level 1:colcon.colcon_core.package_identification:_identify(webapp/src/main/java/com/cmds/webapp/aspect) by extension 'cmake'
[1.273s] Level 1:colcon.colcon_core.package_identification:_identify(webapp/src/main/java/com/cmds/webapp/aspect) by extension 'python'
[1.273s] Level 1:colcon.colcon_core.package_identification:_identify(webapp/src/main/java/com/cmds/webapp/aspect) by extensions ['python_setup_py']
[1.273s] Level 1:colcon.colcon_core.package_identification:_identify(webapp/src/main/java/com/cmds/webapp/aspect) by extension 'python_setup_py'
[1.274s] Level 1:colcon.colcon_core.package_identification:_identify(webapp/src/main/java/com/cmds/webapp/controllers) by extensions ['ignore', 'ignore_ament_install']
[1.274s] Level 1:colcon.colcon_core.package_identification:_identify(webapp/src/main/java/com/cmds/webapp/controllers) by extension 'ignore'
[1.275s] Level 1:colcon.colcon_core.package_identification:_identify(webapp/src/main/java/com/cmds/webapp/controllers) by extension 'ignore_ament_install'
[1.275s] Level 1:colcon.colcon_core.package_identification:_identify(webapp/src/main/java/com/cmds/webapp/controllers) by extensions ['colcon_pkg']
[1.275s] Level 1:colcon.colcon_core.package_identification:_identify(webapp/src/main/java/com/cmds/webapp/controllers) by extension 'colcon_pkg'
[1.275s] Level 1:colcon.colcon_core.package_identification:_identify(webapp/src/main/java/com/cmds/webapp/controllers) by extensions ['colcon_meta']
[1.275s] Level 1:colcon.colcon_core.package_identification:_identify(webapp/src/main/java/com/cmds/webapp/controllers) by extension 'colcon_meta'
[1.276s] Level 1:colcon.colcon_core.package_identification:_identify(webapp/src/main/java/com/cmds/webapp/controllers) by extensions ['ros']
[1.276s] Level 1:colcon.colcon_core.package_identification:_identify(webapp/src/main/java/com/cmds/webapp/controllers) by extension 'ros'
[1.276s] Level 1:colcon.colcon_core.package_identification:_identify(webapp/src/main/java/com/cmds/webapp/controllers) by extensions ['cmake', 'python']
[1.276s] Level 1:colcon.colcon_core.package_identification:_identify(webapp/src/main/java/com/cmds/webapp/controllers) by extension 'cmake'
[1.277s] Level 1:colcon.colcon_core.package_identification:_identify(webapp/src/main/java/com/cmds/webapp/controllers) by extension 'python'
[1.277s] Level 1:colcon.colcon_core.package_identification:_identify(webapp/src/main/java/com/cmds/webapp/controllers) by extensions ['python_setup_py']
[1.277s] Level 1:colcon.colcon_core.package_identification:_identify(webapp/src/main/java/com/cmds/webapp/controllers) by extension 'python_setup_py'
[1.278s] Level 1:colcon.colcon_core.package_identification:_identify(webapp/src/main/java/com/cmds/webapp/models) by extensions ['ignore', 'ignore_ament_install']
[1.278s] Level 1:colcon.colcon_core.package_identification:_identify(webapp/src/main/java/com/cmds/webapp/models) by extension 'ignore'
[1.278s] Level 1:colcon.colcon_core.package_identification:_identify(webapp/src/main/java/com/cmds/webapp/models) by extension 'ignore_ament_install'
[1.279s] Level 1:colcon.colcon_core.package_identification:_identify(webapp/src/main/java/com/cmds/webapp/models) by extensions ['colcon_pkg']
[1.279s] Level 1:colcon.colcon_core.package_identification:_identify(webapp/src/main/java/com/cmds/webapp/models) by extension 'colcon_pkg'
[1.279s] Level 1:colcon.colcon_core.package_identification:_identify(webapp/src/main/java/com/cmds/webapp/models) by extensions ['colcon_meta']
[1.279s] Level 1:colcon.colcon_core.package_identification:_identify(webapp/src/main/java/com/cmds/webapp/models) by extension 'colcon_meta'
[1.279s] Level 1:colcon.colcon_core.package_identification:_identify(webapp/src/main/java/com/cmds/webapp/models) by extensions ['ros']
[1.280s] Level 1:colcon.colcon_core.package_identification:_identify(webapp/src/main/java/com/cmds/webapp/models) by extension 'ros'
[1.280s] Level 1:colcon.colcon_core.package_identification:_identify(webapp/src/main/java/com/cmds/webapp/models) by extensions ['cmake', 'python']
[1.280s] Level 1:colcon.colcon_core.package_identification:_identify(webapp/src/main/java/com/cmds/webapp/models) by extension 'cmake'
[1.280s] Level 1:colcon.colcon_core.package_identification:_identify(webapp/src/main/java/com/cmds/webapp/models) by extension 'python'
[1.281s] Level 1:colcon.colcon_core.package_identification:_identify(webapp/src/main/java/com/cmds/webapp/models) by extensions ['python_setup_py']
[1.281s] Level 1:colcon.colcon_core.package_identification:_identify(webapp/src/main/java/com/cmds/webapp/models) by extension 'python_setup_py'
[1.281s] Level 1:colcon.colcon_core.package_identification:_identify(webapp/src/main/java/com/cmds/webapp/repos) by extensions ['ignore', 'ignore_ament_install']
[1.282s] Level 1:colcon.colcon_core.package_identification:_identify(webapp/src/main/java/com/cmds/webapp/repos) by extension 'ignore'
[1.282s] Level 1:colcon.colcon_core.package_identification:_identify(webapp/src/main/java/com/cmds/webapp/repos) by extension 'ignore_ament_install'
[1.282s] Level 1:colcon.colcon_core.package_identification:_identify(webapp/src/main/java/com/cmds/webapp/repos) by extensions ['colcon_pkg']
[1.283s] Level 1:colcon.colcon_core.package_identification:_identify(webapp/src/main/java/com/cmds/webapp/repos) by extension 'colcon_pkg'
[1.283s] Level 1:colcon.colcon_core.package_identification:_identify(webapp/src/main/java/com/cmds/webapp/repos) by extensions ['colcon_meta']
[1.283s] Level 1:colcon.colcon_core.package_identification:_identify(webapp/src/main/java/com/cmds/webapp/repos) by extension 'colcon_meta'
[1.283s] Level 1:colcon.colcon_core.package_identification:_identify(webapp/src/main/java/com/cmds/webapp/repos) by extensions ['ros']
[1.283s] Level 1:colcon.colcon_core.package_identification:_identify(webapp/src/main/java/com/cmds/webapp/repos) by extension 'ros'
[1.284s] Level 1:colcon.colcon_core.package_identification:_identify(webapp/src/main/java/com/cmds/webapp/repos) by extensions ['cmake', 'python']
[1.284s] Level 1:colcon.colcon_core.package_identification:_identify(webapp/src/main/java/com/cmds/webapp/repos) by extension 'cmake'
[1.284s] Level 1:colcon.colcon_core.package_identification:_identify(webapp/src/main/java/com/cmds/webapp/repos) by extension 'python'
[1.284s] Level 1:colcon.colcon_core.package_identification:_identify(webapp/src/main/java/com/cmds/webapp/repos) by extensions ['python_setup_py']
[1.285s] Level 1:colcon.colcon_core.package_identification:_identify(webapp/src/main/java/com/cmds/webapp/repos) by extension 'python_setup_py'
[1.285s] Level 1:colcon.colcon_core.package_identification:_identify(webapp/src/main/resources) by extensions ['ignore', 'ignore_ament_install']
[1.285s] Level 1:colcon.colcon_core.package_identification:_identify(webapp/src/main/resources) by extension 'ignore'
[1.286s] Level 1:colcon.colcon_core.package_identification:_identify(webapp/src/main/resources) by extension 'ignore_ament_install'
[1.286s] Level 1:colcon.colcon_core.package_identification:_identify(webapp/src/main/resources) by extensions ['colcon_pkg']
[1.286s] Level 1:colcon.colcon_core.package_identification:_identify(webapp/src/main/resources) by extension 'colcon_pkg'
[1.286s] Level 1:colcon.colcon_core.package_identification:_identify(webapp/src/main/resources) by extensions ['colcon_meta']
[1.286s] Level 1:colcon.colcon_core.package_identification:_identify(webapp/src/main/resources) by extension 'colcon_meta'
[1.287s] Level 1:colcon.colcon_core.package_identification:_identify(webapp/src/main/resources) by extensions ['ros']
[1.287s] Level 1:colcon.colcon_core.package_identification:_identify(webapp/src/main/resources) by extension 'ros'
[1.287s] Level 1:colcon.colcon_core.package_identification:_identify(webapp/src/main/resources) by extensions ['cmake', 'python']
[1.287s] Level 1:colcon.colcon_core.package_identification:_identify(webapp/src/main/resources) by extension 'cmake'
[1.288s] Level 1:colcon.colcon_core.package_identification:_identify(webapp/src/main/resources) by extension 'python'
[1.288s] Level 1:colcon.colcon_core.package_identification:_identify(webapp/src/main/resources) by extensions ['python_setup_py']
[1.288s] Level 1:colcon.colcon_core.package_identification:_identify(webapp/src/main/resources) by extension 'python_setup_py'
[1.289s] Level 1:colcon.colcon_core.package_identification:_identify(webapp/src/main/resources/static) by extensions ['ignore', 'ignore_ament_install']
[1.289s] Level 1:colcon.colcon_core.package_identification:_identify(webapp/src/main/resources/static) by extension 'ignore'
[1.289s] Level 1:colcon.colcon_core.package_identification:_identify(webapp/src/main/resources/static) by extension 'ignore_ament_install'
[1.289s] Level 1:colcon.colcon_core.package_identification:_identify(webapp/src/main/resources/static) by extensions ['colcon_pkg']
[1.290s] Level 1:colcon.colcon_core.package_identification:_identify(webapp/src/main/resources/static) by extension 'colcon_pkg'
[1.290s] Level 1:colcon.colcon_core.package_identification:_identify(webapp/src/main/resources/static) by extensions ['colcon_meta']
[1.290s] Level 1:colcon.colcon_core.package_identification:_identify(webapp/src/main/resources/static) by extension 'colcon_meta'
[1.290s] Level 1:colcon.colcon_core.package_identification:_identify(webapp/src/main/resources/static) by extensions ['ros']
[1.290s] Level 1:colcon.colcon_core.package_identification:_identify(webapp/src/main/resources/static) by extension 'ros'
[1.291s] Level 1:colcon.colcon_core.package_identification:_identify(webapp/src/main/resources/static) by extensions ['cmake', 'python']
[1.291s] Level 1:colcon.colcon_core.package_identification:_identify(webapp/src/main/resources/static) by extension 'cmake'
[1.291s] Level 1:colcon.colcon_core.package_identification:_identify(webapp/src/main/resources/static) by extension 'python'
[1.291s] Level 1:colcon.colcon_core.package_identification:_identify(webapp/src/main/resources/static) by extensions ['python_setup_py']
[1.292s] Level 1:colcon.colcon_core.package_identification:_identify(webapp/src/main/resources/static) by extension 'python_setup_py'
[1.292s] Level 1:colcon.colcon_core.package_identification:_identify(webapp/src/main/resources/static/static) by extensions ['ignore', 'ignore_ament_install']
[1.292s] Level 1:colcon.colcon_core.package_identification:_identify(webapp/src/main/resources/static/static) by extension 'ignore'
[1.293s] Level 1:colcon.colcon_core.package_identification:_identify(webapp/src/main/resources/static/static) by extension 'ignore_ament_install'
[1.293s] Level 1:colcon.colcon_core.package_identification:_identify(webapp/src/main/resources/static/static) by extensions ['colcon_pkg']
[1.293s] Level 1:colcon.colcon_core.package_identification:_identify(webapp/src/main/resources/static/static) by extension 'colcon_pkg'
[1.293s] Level 1:colcon.colcon_core.package_identification:_identify(webapp/src/main/resources/static/static) by extensions ['colcon_meta']
[1.293s] Level 1:colcon.colcon_core.package_identification:_identify(webapp/src/main/resources/static/static) by extension 'colcon_meta'
[1.294s] Level 1:colcon.colcon_core.package_identification:_identify(webapp/src/main/resources/static/static) by extensions ['ros']
[1.294s] Level 1:colcon.colcon_core.package_identification:_identify(webapp/src/main/resources/static/static) by extension 'ros'
[1.294s] Level 1:colcon.colcon_core.package_identification:_identify(webapp/src/main/resources/static/static) by extensions ['cmake', 'python']
[1.295s] Level 1:colcon.colcon_core.package_identification:_identify(webapp/src/main/resources/static/static) by extension 'cmake'
[1.295s] Level 1:colcon.colcon_core.package_identification:_identify(webapp/src/main/resources/static/static) by extension 'python'
[1.295s] Level 1:colcon.colcon_core.package_identification:_identify(webapp/src/main/resources/static/static) by extensions ['python_setup_py']
[1.295s] Level 1:colcon.colcon_core.package_identification:_identify(webapp/src/main/resources/static/static) by extension 'python_setup_py'
[1.296s] Level 1:colcon.colcon_core.package_identification:_identify(webapp/src/main/resources/static/static/css) by extensions ['ignore', 'ignore_ament_install']
[1.296s] Level 1:colcon.colcon_core.package_identification:_identify(webapp/src/main/resources/static/static/css) by extension 'ignore'
[1.296s] Level 1:colcon.colcon_core.package_identification:_identify(webapp/src/main/resources/static/static/css) by extension 'ignore_ament_install'
[1.297s] Level 1:colcon.colcon_core.package_identification:_identify(webapp/src/main/resources/static/static/css) by extensions ['colcon_pkg']
[1.297s] Level 1:colcon.colcon_core.package_identification:_identify(webapp/src/main/resources/static/static/css) by extension 'colcon_pkg'
[1.297s] Level 1:colcon.colcon_core.package_identification:_identify(webapp/src/main/resources/static/static/css) by extensions ['colcon_meta']
[1.297s] Level 1:colcon.colcon_core.package_identification:_identify(webapp/src/main/resources/static/static/css) by extension 'colcon_meta'
[1.297s] Level 1:colcon.colcon_core.package_identification:_identify(webapp/src/main/resources/static/static/css) by extensions ['ros']
[1.298s] Level 1:colcon.colcon_core.package_identification:_identify(webapp/src/main/resources/static/static/css) by extension 'ros'
[1.298s] Level 1:colcon.colcon_core.package_identification:_identify(webapp/src/main/resources/static/static/css) by extensions ['cmake', 'python']
[1.298s] Level 1:colcon.colcon_core.package_identification:_identify(webapp/src/main/resources/static/static/css) by extension 'cmake'
[1.298s] Level 1:colcon.colcon_core.package_identification:_identify(webapp/src/main/resources/static/static/css) by extension 'python'
[1.299s] Level 1:colcon.colcon_core.package_identification:_identify(webapp/src/main/resources/static/static/css) by extensions ['python_setup_py']
[1.299s] Level 1:colcon.colcon_core.package_identification:_identify(webapp/src/main/resources/static/static/css) by extension 'python_setup_py'
[1.299s] Level 1:colcon.colcon_core.package_identification:_identify(webapp/src/main/resources/static/static/images) by extensions ['ignore', 'ignore_ament_install']
[1.300s] Level 1:colcon.colcon_core.package_identification:_identify(webapp/src/main/resources/static/static/images) by extension 'ignore'
[1.300s] Level 1:colcon.colcon_core.package_identification:_identify(webapp/src/main/resources/static/static/images) by extension 'ignore_ament_install'
[1.300s] Level 1:colcon.colcon_core.package_identification:_identify(webapp/src/main/resources/static/static/images) by extensions ['colcon_pkg']
[1.300s] Level 1:colcon.colcon_core.package_identification:_identify(webapp/src/main/resources/static/static/images) by extension 'colcon_pkg'
[1.301s] Level 1:colcon.colcon_core.package_identification:_identify(webapp/src/main/resources/static/static/images) by extensions ['colcon_meta']
[1.301s] Level 1:colcon.colcon_core.package_identification:_identify(webapp/src/main/resources/static/static/images) by extension 'colcon_meta'
[1.301s] Level 1:colcon.colcon_core.package_identification:_identify(webapp/src/main/resources/static/static/images) by extensions ['ros']
[1.301s] Level 1:colcon.colcon_core.package_identification:_identify(webapp/src/main/resources/static/static/images) by extension 'ros'
[1.302s] Level 1:colcon.colcon_core.package_identification:_identify(webapp/src/main/resources/static/static/images) by extensions ['cmake', 'python']
[1.302s] Level 1:colcon.colcon_core.package_identification:_identify(webapp/src/main/resources/static/static/images) by extension 'cmake'
[1.302s] Level 1:colcon.colcon_core.package_identification:_identify(webapp/src/main/resources/static/static/images) by extension 'python'
[1.302s] Level 1:colcon.colcon_core.package_identification:_identify(webapp/src/main/resources/static/static/images) by extensions ['python_setup_py']
[1.302s] Level 1:colcon.colcon_core.package_identification:_identify(webapp/src/main/resources/static/static/images) by extension 'python_setup_py'
[1.303s] Level 1:colcon.colcon_core.package_identification:_identify(webapp/src/main/resources/static/static/scripts) by extensions ['ignore', 'ignore_ament_install']
[1.304s] Level 1:colcon.colcon_core.package_identification:_identify(webapp/src/main/resources/static/static/scripts) by extension 'ignore'
[1.304s] Level 1:colcon.colcon_core.package_identification:_identify(webapp/src/main/resources/static/static/scripts) by extension 'ignore_ament_install'
[1.304s] Level 1:colcon.colcon_core.package_identification:_identify(webapp/src/main/resources/static/static/scripts) by extensions ['colcon_pkg']
[1.304s] Level 1:colcon.colcon_core.package_identification:_identify(webapp/src/main/resources/static/static/scripts) by extension 'colcon_pkg'
[1.304s] Level 1:colcon.colcon_core.package_identification:_identify(webapp/src/main/resources/static/static/scripts) by extensions ['colcon_meta']
[1.305s] Level 1:colcon.colcon_core.package_identification:_identify(webapp/src/main/resources/static/static/scripts) by extension 'colcon_meta'
[1.305s] Level 1:colcon.colcon_core.package_identification:_identify(webapp/src/main/resources/static/static/scripts) by extensions ['ros']
[1.305s] Level 1:colcon.colcon_core.package_identification:_identify(webapp/src/main/resources/static/static/scripts) by extension 'ros'
[1.305s] Level 1:colcon.colcon_core.package_identification:_identify(webapp/src/main/resources/static/static/scripts) by extensions ['cmake', 'python']
[1.306s] Level 1:colcon.colcon_core.package_identification:_identify(webapp/src/main/resources/static/static/scripts) by extension 'cmake'
[1.306s] Level 1:colcon.colcon_core.package_identification:_identify(webapp/src/main/resources/static/static/scripts) by extension 'python'
[1.306s] Level 1:colcon.colcon_core.package_identification:_identify(webapp/src/main/resources/static/static/scripts) by extensions ['python_setup_py']
[1.306s] Level 1:colcon.colcon_core.package_identification:_identify(webapp/src/main/resources/static/static/scripts) by extension 'python_setup_py'
[1.307s] Level 1:colcon.colcon_core.package_identification:_identify(webapp/src/main/resources/templates) by extensions ['ignore', 'ignore_ament_install']
[1.308s] Level 1:colcon.colcon_core.package_identification:_identify(webapp/src/main/resources/templates) by extension 'ignore'
[1.308s] Level 1:colcon.colcon_core.package_identification:_identify(webapp/src/main/resources/templates) by extension 'ignore_ament_install'
[1.308s] Level 1:colcon.colcon_core.package_identification:_identify(webapp/src/main/resources/templates) by extensions ['colcon_pkg']
[1.308s] Level 1:colcon.colcon_core.package_identification:_identify(webapp/src/main/resources/templates) by extension 'colcon_pkg'
[1.308s] Level 1:colcon.colcon_core.package_identification:_identify(webapp/src/main/resources/templates) by extensions ['colcon_meta']
[1.309s] Level 1:colcon.colcon_core.package_identification:_identify(webapp/src/main/resources/templates) by extension 'colcon_meta'
[1.309s] Level 1:colcon.colcon_core.package_identification:_identify(webapp/src/main/resources/templates) by extensions ['ros']
[1.309s] Level 1:colcon.colcon_core.package_identification:_identify(webapp/src/main/resources/templates) by extension 'ros'
[1.309s] Level 1:colcon.colcon_core.package_identification:_identify(webapp/src/main/resources/templates) by extensions ['cmake', 'python']
[1.310s] Level 1:colcon.colcon_core.package_identification:_identify(webapp/src/main/resources/templates) by extension 'cmake'
[1.310s] Level 1:colcon.colcon_core.package_identification:_identify(webapp/src/main/resources/templates) by extension 'python'
[1.310s] Level 1:colcon.colcon_core.package_identification:_identify(webapp/src/main/resources/templates) by extensions ['python_setup_py']
[1.310s] Level 1:colcon.colcon_core.package_identification:_identify(webapp/src/main/resources/templates) by extension 'python_setup_py'
[1.311s] Level 1:colcon.colcon_core.package_identification:_identify(webapp/src/test) by extensions ['ignore', 'ignore_ament_install']
[1.311s] Level 1:colcon.colcon_core.package_identification:_identify(webapp/src/test) by extension 'ignore'
[1.311s] Level 1:colcon.colcon_core.package_identification:_identify(webapp/src/test) by extension 'ignore_ament_install'
[1.312s] Level 1:colcon.colcon_core.package_identification:_identify(webapp/src/test) by extensions ['colcon_pkg']
[1.312s] Level 1:colcon.colcon_core.package_identification:_identify(webapp/src/test) by extension 'colcon_pkg'
[1.312s] Level 1:colcon.colcon_core.package_identification:_identify(webapp/src/test) by extensions ['colcon_meta']
[1.312s] Level 1:colcon.colcon_core.package_identification:_identify(webapp/src/test) by extension 'colcon_meta'
[1.312s] Level 1:colcon.colcon_core.package_identification:_identify(webapp/src/test) by extensions ['ros']
[1.312s] Level 1:colcon.colcon_core.package_identification:_identify(webapp/src/test) by extension 'ros'
[1.313s] Level 1:colcon.colcon_core.package_identification:_identify(webapp/src/test) by extensions ['cmake', 'python']
[1.313s] Level 1:colcon.colcon_core.package_identification:_identify(webapp/src/test) by extension 'cmake'
[1.313s] Level 1:colcon.colcon_core.package_identification:_identify(webapp/src/test) by extension 'python'
[1.313s] Level 1:colcon.colcon_core.package_identification:_identify(webapp/src/test) by extensions ['python_setup_py']
[1.314s] Level 1:colcon.colcon_core.package_identification:_identify(webapp/src/test) by extension 'python_setup_py'
[1.314s] Level 1:colcon.colcon_core.package_identification:_identify(webapp/src/test/java) by extensions ['ignore', 'ignore_ament_install']
[1.315s] Level 1:colcon.colcon_core.package_identification:_identify(webapp/src/test/java) by extension 'ignore'
[1.315s] Level 1:colcon.colcon_core.package_identification:_identify(webapp/src/test/java) by extension 'ignore_ament_install'
[1.315s] Level 1:colcon.colcon_core.package_identification:_identify(webapp/src/test/java) by extensions ['colcon_pkg']
[1.315s] Level 1:colcon.colcon_core.package_identification:_identify(webapp/src/test/java) by extension 'colcon_pkg'
[1.315s] Level 1:colcon.colcon_core.package_identification:_identify(webapp/src/test/java) by extensions ['colcon_meta']
[1.315s] Level 1:colcon.colcon_core.package_identification:_identify(webapp/src/test/java) by extension 'colcon_meta'
[1.316s] Level 1:colcon.colcon_core.package_identification:_identify(webapp/src/test/java) by extensions ['ros']
[1.316s] Level 1:colcon.colcon_core.package_identification:_identify(webapp/src/test/java) by extension 'ros'
[1.316s] Level 1:colcon.colcon_core.package_identification:_identify(webapp/src/test/java) by extensions ['cmake', 'python']
[1.316s] Level 1:colcon.colcon_core.package_identification:_identify(webapp/src/test/java) by extension 'cmake'
[1.317s] Level 1:colcon.colcon_core.package_identification:_identify(webapp/src/test/java) by extension 'python'
[1.317s] Level 1:colcon.colcon_core.package_identification:_identify(webapp/src/test/java) by extensions ['python_setup_py']
[1.317s] Level 1:colcon.colcon_core.package_identification:_identify(webapp/src/test/java) by extension 'python_setup_py'
[1.318s] Level 1:colcon.colcon_core.package_identification:_identify(webapp/src/test/java/com) by extensions ['ignore', 'ignore_ament_install']
[1.318s] Level 1:colcon.colcon_core.package_identification:_identify(webapp/src/test/java/com) by extension 'ignore'
[1.318s] Level 1:colcon.colcon_core.package_identification:_identify(webapp/src/test/java/com) by extension 'ignore_ament_install'
[1.318s] Level 1:colcon.colcon_core.package_identification:_identify(webapp/src/test/java/com) by extensions ['colcon_pkg']
[1.319s] Level 1:colcon.colcon_core.package_identification:_identify(webapp/src/test/java/com) by extension 'colcon_pkg'
[1.319s] Level 1:colcon.colcon_core.package_identification:_identify(webapp/src/test/java/com) by extensions ['colcon_meta']
[1.319s] Level 1:colcon.colcon_core.package_identification:_identify(webapp/src/test/java/com) by extension 'colcon_meta'
[1.319s] Level 1:colcon.colcon_core.package_identification:_identify(webapp/src/test/java/com) by extensions ['ros']
[1.319s] Level 1:colcon.colcon_core.package_identification:_identify(webapp/src/test/java/com) by extension 'ros'
[1.320s] Level 1:colcon.colcon_core.package_identification:_identify(webapp/src/test/java/com) by extensions ['cmake', 'python']
[1.320s] Level 1:colcon.colcon_core.package_identification:_identify(webapp/src/test/java/com) by extension 'cmake'
[1.320s] Level 1:colcon.colcon_core.package_identification:_identify(webapp/src/test/java/com) by extension 'python'
[1.320s] Level 1:colcon.colcon_core.package_identification:_identify(webapp/src/test/java/com) by extensions ['python_setup_py']
[1.321s] Level 1:colcon.colcon_core.package_identification:_identify(webapp/src/test/java/com) by extension 'python_setup_py'
[1.321s] Level 1:colcon.colcon_core.package_identification:_identify(webapp/src/test/java/com/cmds) by extensions ['ignore', 'ignore_ament_install']
[1.321s] Level 1:colcon.colcon_core.package_identification:_identify(webapp/src/test/java/com/cmds) by extension 'ignore'
[1.322s] Level 1:colcon.colcon_core.package_identification:_identify(webapp/src/test/java/com/cmds) by extension 'ignore_ament_install'
[1.322s] Level 1:colcon.colcon_core.package_identification:_identify(webapp/src/test/java/com/cmds) by extensions ['colcon_pkg']
[1.322s] Level 1:colcon.colcon_core.package_identification:_identify(webapp/src/test/java/com/cmds) by extension 'colcon_pkg'
[1.322s] Level 1:colcon.colcon_core.package_identification:_identify(webapp/src/test/java/com/cmds) by extensions ['colcon_meta']
[1.322s] Level 1:colcon.colcon_core.package_identification:_identify(webapp/src/test/java/com/cmds) by extension 'colcon_meta'
[1.323s] Level 1:colcon.colcon_core.package_identification:_identify(webapp/src/test/java/com/cmds) by extensions ['ros']
[1.323s] Level 1:colcon.colcon_core.package_identification:_identify(webapp/src/test/java/com/cmds) by extension 'ros'
[1.323s] Level 1:colcon.colcon_core.package_identification:_identify(webapp/src/test/java/com/cmds) by extensions ['cmake', 'python']
[1.324s] Level 1:colcon.colcon_core.package_identification:_identify(webapp/src/test/java/com/cmds) by extension 'cmake'
[1.324s] Level 1:colcon.colcon_core.package_identification:_identify(webapp/src/test/java/com/cmds) by extension 'python'
[1.324s] Level 1:colcon.colcon_core.package_identification:_identify(webapp/src/test/java/com/cmds) by extensions ['python_setup_py']
[1.324s] Level 1:colcon.colcon_core.package_identification:_identify(webapp/src/test/java/com/cmds) by extension 'python_setup_py'
[1.325s] Level 1:colcon.colcon_core.package_identification:_identify(webapp/src/test/java/com/cmds/webapp) by extensions ['ignore', 'ignore_ament_install']
[1.325s] Level 1:colcon.colcon_core.package_identification:_identify(webapp/src/test/java/com/cmds/webapp) by extension 'ignore'
[1.325s] Level 1:colcon.colcon_core.package_identification:_identify(webapp/src/test/java/com/cmds/webapp) by extension 'ignore_ament_install'
[1.326s] Level 1:colcon.colcon_core.package_identification:_identify(webapp/src/test/java/com/cmds/webapp) by extensions ['colcon_pkg']
[1.326s] Level 1:colcon.colcon_core.package_identification:_identify(webapp/src/test/java/com/cmds/webapp) by extension 'colcon_pkg'
[1.326s] Level 1:colcon.colcon_core.package_identification:_identify(webapp/src/test/java/com/cmds/webapp) by extensions ['colcon_meta']
[1.326s] Level 1:colcon.colcon_core.package_identification:_identify(webapp/src/test/java/com/cmds/webapp) by extension 'colcon_meta'
[1.326s] Level 1:colcon.colcon_core.package_identification:_identify(webapp/src/test/java/com/cmds/webapp) by extensions ['ros']
[1.327s] Level 1:colcon.colcon_core.package_identification:_identify(webapp/src/test/java/com/cmds/webapp) by extension 'ros'
[1.327s] Level 1:colcon.colcon_core.package_identification:_identify(webapp/src/test/java/com/cmds/webapp) by extensions ['cmake', 'python']
[1.327s] Level 1:colcon.colcon_core.package_identification:_identify(webapp/src/test/java/com/cmds/webapp) by extension 'cmake'
[1.327s] Level 1:colcon.colcon_core.package_identification:_identify(webapp/src/test/java/com/cmds/webapp) by extension 'python'
[1.328s] Level 1:colcon.colcon_core.package_identification:_identify(webapp/src/test/java/com/cmds/webapp) by extensions ['python_setup_py']
[1.328s] Level 1:colcon.colcon_core.package_identification:_identify(webapp/src/test/java/com/cmds/webapp) by extension 'python_setup_py'
[1.331s] Level 1:colcon.colcon_core.package_identification:_identify(webapp/target) by extensions ['ignore', 'ignore_ament_install']
[1.332s] Level 1:colcon.colcon_core.package_identification:_identify(webapp/target) by extension 'ignore'
[1.332s] Level 1:colcon.colcon_core.package_identification:_identify(webapp/target) by extension 'ignore_ament_install'
[1.332s] Level 1:colcon.colcon_core.package_identification:_identify(webapp/target) by extensions ['colcon_pkg']
[1.332s] Level 1:colcon.colcon_core.package_identification:_identify(webapp/target) by extension 'colcon_pkg'
[1.332s] Level 1:colcon.colcon_core.package_identification:_identify(webapp/target) by extensions ['colcon_meta']
[1.332s] Level 1:colcon.colcon_core.package_identification:_identify(webapp/target) by extension 'colcon_meta'
[1.333s] Level 1:colcon.colcon_core.package_identification:_identify(webapp/target) by extensions ['ros']
[1.333s] Level 1:colcon.colcon_core.package_identification:_identify(webapp/target) by extension 'ros'
[1.333s] Level 1:colcon.colcon_core.package_identification:_identify(webapp/target) by extensions ['cmake', 'python']
[1.333s] Level 1:colcon.colcon_core.package_identification:_identify(webapp/target) by extension 'cmake'
[1.334s] Level 1:colcon.colcon_core.package_identification:_identify(webapp/target) by extension 'python'
[1.334s] Level 1:colcon.colcon_core.package_identification:_identify(webapp/target) by extensions ['python_setup_py']
[1.334s] Level 1:colcon.colcon_core.package_identification:_identify(webapp/target) by extension 'python_setup_py'
[1.335s] Level 1:colcon.colcon_core.package_identification:_identify(webapp/target/classes) by extensions ['ignore', 'ignore_ament_install']
[1.336s] Level 1:colcon.colcon_core.package_identification:_identify(webapp/target/classes) by extension 'ignore'
[1.336s] Level 1:colcon.colcon_core.package_identification:_identify(webapp/target/classes) by extension 'ignore_ament_install'
[1.336s] Level 1:colcon.colcon_core.package_identification:_identify(webapp/target/classes) by extensions ['colcon_pkg']
[1.336s] Level 1:colcon.colcon_core.package_identification:_identify(webapp/target/classes) by extension 'colcon_pkg'
[1.336s] Level 1:colcon.colcon_core.package_identification:_identify(webapp/target/classes) by extensions ['colcon_meta']
[1.337s] Level 1:colcon.colcon_core.package_identification:_identify(webapp/target/classes) by extension 'colcon_meta'
[1.337s] Level 1:colcon.colcon_core.package_identification:_identify(webapp/target/classes) by extensions ['ros']
[1.337s] Level 1:colcon.colcon_core.package_identification:_identify(webapp/target/classes) by extension 'ros'
[1.337s] Level 1:colcon.colcon_core.package_identification:_identify(webapp/target/classes) by extensions ['cmake', 'python']
[1.338s] Level 1:colcon.colcon_core.package_identification:_identify(webapp/target/classes) by extension 'cmake'
[1.338s] Level 1:colcon.colcon_core.package_identification:_identify(webapp/target/classes) by extension 'python'
[1.338s] Level 1:colcon.colcon_core.package_identification:_identify(webapp/target/classes) by extensions ['python_setup_py']
[1.338s] Level 1:colcon.colcon_core.package_identification:_identify(webapp/target/classes) by extension 'python_setup_py'
[1.339s] Level 1:colcon.colcon_core.package_identification:_identify(webapp/target/classes/com) by extensions ['ignore', 'ignore_ament_install']
[1.340s] Level 1:colcon.colcon_core.package_identification:_identify(webapp/target/classes/com) by extension 'ignore'
[1.340s] Level 1:colcon.colcon_core.package_identification:_identify(webapp/target/classes/com) by extension 'ignore_ament_install'
[1.341s] Level 1:colcon.colcon_core.package_identification:_identify(webapp/target/classes/com) by extensions ['colcon_pkg']
[1.341s] Level 1:colcon.colcon_core.package_identification:_identify(webapp/target/classes/com) by extension 'colcon_pkg'
[1.341s] Level 1:colcon.colcon_core.package_identification:_identify(webapp/target/classes/com) by extensions ['colcon_meta']
[1.341s] Level 1:colcon.colcon_core.package_identification:_identify(webapp/target/classes/com) by extension 'colcon_meta'
[1.342s] Level 1:colcon.colcon_core.package_identification:_identify(webapp/target/classes/com) by extensions ['ros']
[1.342s] Level 1:colcon.colcon_core.package_identification:_identify(webapp/target/classes/com) by extension 'ros'
[1.342s] Level 1:colcon.colcon_core.package_identification:_identify(webapp/target/classes/com) by extensions ['cmake', 'python']
[1.342s] Level 1:colcon.colcon_core.package_identification:_identify(webapp/target/classes/com) by extension 'cmake'
[1.343s] Level 1:colcon.colcon_core.package_identification:_identify(webapp/target/classes/com) by extension 'python'
[1.343s] Level 1:colcon.colcon_core.package_identification:_identify(webapp/target/classes/com) by extensions ['python_setup_py']
[1.343s] Level 1:colcon.colcon_core.package_identification:_identify(webapp/target/classes/com) by extension 'python_setup_py'
[1.344s] Level 1:colcon.colcon_core.package_identification:_identify(webapp/target/classes/com/cmds) by extensions ['ignore', 'ignore_ament_install']
[1.345s] Level 1:colcon.colcon_core.package_identification:_identify(webapp/target/classes/com/cmds) by extension 'ignore'
[1.345s] Level 1:colcon.colcon_core.package_identification:_identify(webapp/target/classes/com/cmds) by extension 'ignore_ament_install'
[1.346s] Level 1:colcon.colcon_core.package_identification:_identify(webapp/target/classes/com/cmds) by extensions ['colcon_pkg']
[1.346s] Level 1:colcon.colcon_core.package_identification:_identify(webapp/target/classes/com/cmds) by extension 'colcon_pkg'
[1.346s] Level 1:colcon.colcon_core.package_identification:_identify(webapp/target/classes/com/cmds) by extensions ['colcon_meta']
[1.346s] Level 1:colcon.colcon_core.package_identification:_identify(webapp/target/classes/com/cmds) by extension 'colcon_meta'
[1.347s] Level 1:colcon.colcon_core.package_identification:_identify(webapp/target/classes/com/cmds) by extensions ['ros']
[1.347s] Level 1:colcon.colcon_core.package_identification:_identify(webapp/target/classes/com/cmds) by extension 'ros'
[1.347s] Level 1:colcon.colcon_core.package_identification:_identify(webapp/target/classes/com/cmds) by extensions ['cmake', 'python']
[1.347s] Level 1:colcon.colcon_core.package_identification:_identify(webapp/target/classes/com/cmds) by extension 'cmake'
[1.348s] Level 1:colcon.colcon_core.package_identification:_identify(webapp/target/classes/com/cmds) by extension 'python'
[1.348s] Level 1:colcon.colcon_core.package_identification:_identify(webapp/target/classes/com/cmds) by extensions ['python_setup_py']
[1.348s] Level 1:colcon.colcon_core.package_identification:_identify(webapp/target/classes/com/cmds) by extension 'python_setup_py'
[1.350s] Level 1:colcon.colcon_core.package_identification:_identify(webapp/target/classes/com/cmds/webapp) by extensions ['ignore', 'ignore_ament_install']
[1.350s] Level 1:colcon.colcon_core.package_identification:_identify(webapp/target/classes/com/cmds/webapp) by extension 'ignore'
[1.351s] Level 1:colcon.colcon_core.package_identification:_identify(webapp/target/classes/com/cmds/webapp) by extension 'ignore_ament_install'
[1.351s] Level 1:colcon.colcon_core.package_identification:_identify(webapp/target/classes/com/cmds/webapp) by extensions ['colcon_pkg']
[1.351s] Level 1:colcon.colcon_core.package_identification:_identify(webapp/target/classes/com/cmds/webapp) by extension 'colcon_pkg'
[1.351s] Level 1:colcon.colcon_core.package_identification:_identify(webapp/target/classes/com/cmds/webapp) by extensions ['colcon_meta']
[1.351s] Level 1:colcon.colcon_core.package_identification:_identify(webapp/target/classes/com/cmds/webapp) by extension 'colcon_meta'
[1.352s] Level 1:colcon.colcon_core.package_identification:_identify(webapp/target/classes/com/cmds/webapp) by extensions ['ros']
[1.352s] Level 1:colcon.colcon_core.package_identification:_identify(webapp/target/classes/com/cmds/webapp) by extension 'ros'
[1.352s] Level 1:colcon.colcon_core.package_identification:_identify(webapp/target/classes/com/cmds/webapp) by extensions ['cmake', 'python']
[1.353s] Level 1:colcon.colcon_core.package_identification:_identify(webapp/target/classes/com/cmds/webapp) by extension 'cmake'
[1.353s] Level 1:colcon.colcon_core.package_identification:_identify(webapp/target/classes/com/cmds/webapp) by extension 'python'
[1.353s] Level 1:colcon.colcon_core.package_identification:_identify(webapp/target/classes/com/cmds/webapp) by extensions ['python_setup_py']
[1.353s] Level 1:colcon.colcon_core.package_identification:_identify(webapp/target/classes/com/cmds/webapp) by extension 'python_setup_py'
[1.355s] Level 1:colcon.colcon_core.package_identification:_identify(webapp/target/classes/com/cmds/webapp/aspect) by extensions ['ignore', 'ignore_ament_install']
[1.355s] Level 1:colcon.colcon_core.package_identification:_identify(webapp/target/classes/com/cmds/webapp/aspect) by extension 'ignore'
[1.355s] Level 1:colcon.colcon_core.package_identification:_identify(webapp/target/classes/com/cmds/webapp/aspect) by extension 'ignore_ament_install'
[1.356s] Level 1:colcon.colcon_core.package_identification:_identify(webapp/target/classes/com/cmds/webapp/aspect) by extensions ['colcon_pkg']
[1.356s] Level 1:colcon.colcon_core.package_identification:_identify(webapp/target/classes/com/cmds/webapp/aspect) by extension 'colcon_pkg'
[1.356s] Level 1:colcon.colcon_core.package_identification:_identify(webapp/target/classes/com/cmds/webapp/aspect) by extensions ['colcon_meta']
[1.356s] Level 1:colcon.colcon_core.package_identification:_identify(webapp/target/classes/com/cmds/webapp/aspect) by extension 'colcon_meta'
[1.356s] Level 1:colcon.colcon_core.package_identification:_identify(webapp/target/classes/com/cmds/webapp/aspect) by extensions ['ros']
[1.357s] Level 1:colcon.colcon_core.package_identification:_identify(webapp/target/classes/com/cmds/webapp/aspect) by extension 'ros'
[1.357s] Level 1:colcon.colcon_core.package_identification:_identify(webapp/target/classes/com/cmds/webapp/aspect) by extensions ['cmake', 'python']
[1.357s] Level 1:colcon.colcon_core.package_identification:_identify(webapp/target/classes/com/cmds/webapp/aspect) by extension 'cmake'
[1.357s] Level 1:colcon.colcon_core.package_identification:_identify(webapp/target/classes/com/cmds/webapp/aspect) by extension 'python'
[1.358s] Level 1:colcon.colcon_core.package_identification:_identify(webapp/target/classes/com/cmds/webapp/aspect) by extensions ['python_setup_py']
[1.358s] Level 1:colcon.colcon_core.package_identification:_identify(webapp/target/classes/com/cmds/webapp/aspect) by extension 'python_setup_py'
[1.359s] Level 1:colcon.colcon_core.package_identification:_identify(webapp/target/classes/com/cmds/webapp/controllers) by extensions ['ignore', 'ignore_ament_install']
[1.360s] Level 1:colcon.colcon_core.package_identification:_identify(webapp/target/classes/com/cmds/webapp/controllers) by extension 'ignore'
[1.360s] Level 1:colcon.colcon_core.package_identification:_identify(webapp/target/classes/com/cmds/webapp/controllers) by extension 'ignore_ament_install'
[1.360s] Level 1:colcon.colcon_core.package_identification:_identify(webapp/target/classes/com/cmds/webapp/controllers) by extensions ['colcon_pkg']
[1.360s] Level 1:colcon.colcon_core.package_identification:_identify(webapp/target/classes/com/cmds/webapp/controllers) by extension 'colcon_pkg'
[1.361s] Level 1:colcon.colcon_core.package_identification:_identify(webapp/target/classes/com/cmds/webapp/controllers) by extensions ['colcon_meta']
[1.361s] Level 1:colcon.colcon_core.package_identification:_identify(webapp/target/classes/com/cmds/webapp/controllers) by extension 'colcon_meta'
[1.361s] Level 1:colcon.colcon_core.package_identification:_identify(webapp/target/classes/com/cmds/webapp/controllers) by extensions ['ros']
[1.361s] Level 1:colcon.colcon_core.package_identification:_identify(webapp/target/classes/com/cmds/webapp/controllers) by extension 'ros'
[1.362s] Level 1:colcon.colcon_core.package_identification:_identify(webapp/target/classes/com/cmds/webapp/controllers) by extensions ['cmake', 'python']
[1.362s] Level 1:colcon.colcon_core.package_identification:_identify(webapp/target/classes/com/cmds/webapp/controllers) by extension 'cmake'
[1.362s] Level 1:colcon.colcon_core.package_identification:_identify(webapp/target/classes/com/cmds/webapp/controllers) by extension 'python'
[1.363s] Level 1:colcon.colcon_core.package_identification:_identify(webapp/target/classes/com/cmds/webapp/controllers) by extensions ['python_setup_py']
[1.363s] Level 1:colcon.colcon_core.package_identification:_identify(webapp/target/classes/com/cmds/webapp/controllers) by extension 'python_setup_py'
[1.364s] Level 1:colcon.colcon_core.package_identification:_identify(webapp/target/classes/com/cmds/webapp/models) by extensions ['ignore', 'ignore_ament_install']
[1.365s] Level 1:colcon.colcon_core.package_identification:_identify(webapp/target/classes/com/cmds/webapp/models) by extension 'ignore'
[1.365s] Level 1:colcon.colcon_core.package_identification:_identify(webapp/target/classes/com/cmds/webapp/models) by extension 'ignore_ament_install'
[1.365s] Level 1:colcon.colcon_core.package_identification:_identify(webapp/target/classes/com/cmds/webapp/models) by extensions ['colcon_pkg']
[1.365s] Level 1:colcon.colcon_core.package_identification:_identify(webapp/target/classes/com/cmds/webapp/models) by extension 'colcon_pkg'
[1.366s] Level 1:colcon.colcon_core.package_identification:_identify(webapp/target/classes/com/cmds/webapp/models) by extensions ['colcon_meta']
[1.366s] Level 1:colcon.colcon_core.package_identification:_identify(webapp/target/classes/com/cmds/webapp/models) by extension 'colcon_meta'
[1.366s] Level 1:colcon.colcon_core.package_identification:_identify(webapp/target/classes/com/cmds/webapp/models) by extensions ['ros']
[1.366s] Level 1:colcon.colcon_core.package_identification:_identify(webapp/target/classes/com/cmds/webapp/models) by extension 'ros'
[1.367s] Level 1:colcon.colcon_core.package_identification:_identify(webapp/target/classes/com/cmds/webapp/models) by extensions ['cmake', 'python']
[1.367s] Level 1:colcon.colcon_core.package_identification:_identify(webapp/target/classes/com/cmds/webapp/models) by extension 'cmake'
[1.367s] Level 1:colcon.colcon_core.package_identification:_identify(webapp/target/classes/com/cmds/webapp/models) by extension 'python'
[1.367s] Level 1:colcon.colcon_core.package_identification:_identify(webapp/target/classes/com/cmds/webapp/models) by extensions ['python_setup_py']
[1.368s] Level 1:colcon.colcon_core.package_identification:_identify(webapp/target/classes/com/cmds/webapp/models) by extension 'python_setup_py'
[1.369s] Level 1:colcon.colcon_core.package_identification:_identify(webapp/target/classes/com/cmds/webapp/repos) by extensions ['ignore', 'ignore_ament_install']
[1.369s] Level 1:colcon.colcon_core.package_identification:_identify(webapp/target/classes/com/cmds/webapp/repos) by extension 'ignore'
[1.370s] Level 1:colcon.colcon_core.package_identification:_identify(webapp/target/classes/com/cmds/webapp/repos) by extension 'ignore_ament_install'
[1.370s] Level 1:colcon.colcon_core.package_identification:_identify(webapp/target/classes/com/cmds/webapp/repos) by extensions ['colcon_pkg']
[1.370s] Level 1:colcon.colcon_core.package_identification:_identify(webapp/target/classes/com/cmds/webapp/repos) by extension 'colcon_pkg'
[1.370s] Level 1:colcon.colcon_core.package_identification:_identify(webapp/target/classes/com/cmds/webapp/repos) by extensions ['colcon_meta']
[1.371s] Level 1:colcon.colcon_core.package_identification:_identify(webapp/target/classes/com/cmds/webapp/repos) by extension 'colcon_meta'
[1.371s] Level 1:colcon.colcon_core.package_identification:_identify(webapp/target/classes/com/cmds/webapp/repos) by extensions ['ros']
[1.371s] Level 1:colcon.colcon_core.package_identification:_identify(webapp/target/classes/com/cmds/webapp/repos) by extension 'ros'
[1.372s] Level 1:colcon.colcon_core.package_identification:_identify(webapp/target/classes/com/cmds/webapp/repos) by extensions ['cmake', 'python']
[1.372s] Level 1:colcon.colcon_core.package_identification:_identify(webapp/target/classes/com/cmds/webapp/repos) by extension 'cmake'
[1.372s] Level 1:colcon.colcon_core.package_identification:_identify(webapp/target/classes/com/cmds/webapp/repos) by extension 'python'
[1.372s] Level 1:colcon.colcon_core.package_identification:_identify(webapp/target/classes/com/cmds/webapp/repos) by extensions ['python_setup_py']
[1.372s] Level 1:colcon.colcon_core.package_identification:_identify(webapp/target/classes/com/cmds/webapp/repos) by extension 'python_setup_py'
[1.374s] Level 1:colcon.colcon_core.package_identification:_identify(webapp/target/classes/static) by extensions ['ignore', 'ignore_ament_install']
[1.374s] Level 1:colcon.colcon_core.package_identification:_identify(webapp/target/classes/static) by extension 'ignore'
[1.374s] Level 1:colcon.colcon_core.package_identification:_identify(webapp/target/classes/static) by extension 'ignore_ament_install'
[1.375s] Level 1:colcon.colcon_core.package_identification:_identify(webapp/target/classes/static) by extensions ['colcon_pkg']
[1.375s] Level 1:colcon.colcon_core.package_identification:_identify(webapp/target/classes/static) by extension 'colcon_pkg'
[1.375s] Level 1:colcon.colcon_core.package_identification:_identify(webapp/target/classes/static) by extensions ['colcon_meta']
[1.375s] Level 1:colcon.colcon_core.package_identification:_identify(webapp/target/classes/static) by extension 'colcon_meta'
[1.376s] Level 1:colcon.colcon_core.package_identification:_identify(webapp/target/classes/static) by extensions ['ros']
[1.376s] Level 1:colcon.colcon_core.package_identification:_identify(webapp/target/classes/static) by extension 'ros'
[1.376s] Level 1:colcon.colcon_core.package_identification:_identify(webapp/target/classes/static) by extensions ['cmake', 'python']
[1.376s] Level 1:colcon.colcon_core.package_identification:_identify(webapp/target/classes/static) by extension 'cmake'
[1.376s] Level 1:colcon.colcon_core.package_identification:_identify(webapp/target/classes/static) by extension 'python'
[1.377s] Level 1:colcon.colcon_core.package_identification:_identify(webapp/target/classes/static) by extensions ['python_setup_py']
[1.377s] Level 1:colcon.colcon_core.package_identification:_identify(webapp/target/classes/static) by extension 'python_setup_py'
[1.378s] Level 1:colcon.colcon_core.package_identification:_identify(webapp/target/classes/static/static) by extensions ['ignore', 'ignore_ament_install']
[1.384s] Level 1:colcon.colcon_core.package_identification:_identify(webapp/target/classes/static/static) by extension 'ignore'
[1.384s] Level 1:colcon.colcon_core.package_identification:_identify(webapp/target/classes/static/static) by extension 'ignore_ament_install'
[1.385s] Level 1:colcon.colcon_core.package_identification:_identify(webapp/target/classes/static/static) by extensions ['colcon_pkg']
[1.385s] Level 1:colcon.colcon_core.package_identification:_identify(webapp/target/classes/static/static) by extension 'colcon_pkg'
[1.385s] Level 1:colcon.colcon_core.package_identification:_identify(webapp/target/classes/static/static) by extensions ['colcon_meta']
[1.385s] Level 1:colcon.colcon_core.package_identification:_identify(webapp/target/classes/static/static) by extension 'colcon_meta'
[1.386s] Level 1:colcon.colcon_core.package_identification:_identify(webapp/target/classes/static/static) by extensions ['ros']
[1.386s] Level 1:colcon.colcon_core.package_identification:_identify(webapp/target/classes/static/static) by extension 'ros'
[1.386s] Level 1:colcon.colcon_core.package_identification:_identify(webapp/target/classes/static/static) by extensions ['cmake', 'python']
[1.386s] Level 1:colcon.colcon_core.package_identification:_identify(webapp/target/classes/static/static) by extension 'cmake'
[1.387s] Level 1:colcon.colcon_core.package_identification:_identify(webapp/target/classes/static/static) by extension 'python'
[1.387s] Level 1:colcon.colcon_core.package_identification:_identify(webapp/target/classes/static/static) by extensions ['python_setup_py']
[1.387s] Level 1:colcon.colcon_core.package_identification:_identify(webapp/target/classes/static/static) by extension 'python_setup_py'
[1.390s] Level 1:colcon.colcon_core.package_identification:_identify(webapp/target/classes/static/static/css) by extensions ['ignore', 'ignore_ament_install']
[1.391s] Level 1:colcon.colcon_core.package_identification:_identify(webapp/target/classes/static/static/css) by extension 'ignore'
[1.391s] Level 1:colcon.colcon_core.package_identification:_identify(webapp/target/classes/static/static/css) by extension 'ignore_ament_install'
[1.392s] Level 1:colcon.colcon_core.package_identification:_identify(webapp/target/classes/static/static/css) by extensions ['colcon_pkg']
[1.392s] Level 1:colcon.colcon_core.package_identification:_identify(webapp/target/classes/static/static/css) by extension 'colcon_pkg'
[1.392s] Level 1:colcon.colcon_core.package_identification:_identify(webapp/target/classes/static/static/css) by extensions ['colcon_meta']
[1.392s] Level 1:colcon.colcon_core.package_identification:_identify(webapp/target/classes/static/static/css) by extension 'colcon_meta'
[1.392s] Level 1:colcon.colcon_core.package_identification:_identify(webapp/target/classes/static/static/css) by extensions ['ros']
[1.393s] Level 1:colcon.colcon_core.package_identification:_identify(webapp/target/classes/static/static/css) by extension 'ros'
[1.393s] Level 1:colcon.colcon_core.package_identification:_identify(webapp/target/classes/static/static/css) by extensions ['cmake', 'python']
[1.393s] Level 1:colcon.colcon_core.package_identification:_identify(webapp/target/classes/static/static/css) by extension 'cmake'
[1.393s] Level 1:colcon.colcon_core.package_identification:_identify(webapp/target/classes/static/static/css) by extension 'python'
[1.394s] Level 1:colcon.colcon_core.package_identification:_identify(webapp/target/classes/static/static/css) by extensions ['python_setup_py']
[1.394s] Level 1:colcon.colcon_core.package_identification:_identify(webapp/target/classes/static/static/css) by extension 'python_setup_py'
[1.395s] Level 1:colcon.colcon_core.package_identification:_identify(webapp/target/classes/static/static/images) by extensions ['ignore', 'ignore_ament_install']
[1.396s] Level 1:colcon.colcon_core.package_identification:_identify(webapp/target/classes/static/static/images) by extension 'ignore'
[1.396s] Level 1:colcon.colcon_core.package_identification:_identify(webapp/target/classes/static/static/images) by extension 'ignore_ament_install'
[1.396s] Level 1:colcon.colcon_core.package_identification:_identify(webapp/target/classes/static/static/images) by extensions ['colcon_pkg']
[1.397s] Level 1:colcon.colcon_core.package_identification:_identify(webapp/target/classes/static/static/images) by extension 'colcon_pkg'
[1.397s] Level 1:colcon.colcon_core.package_identification:_identify(webapp/target/classes/static/static/images) by extensions ['colcon_meta']
[1.397s] Level 1:colcon.colcon_core.package_identification:_identify(webapp/target/classes/static/static/images) by extension 'colcon_meta'
[1.397s] Level 1:colcon.colcon_core.package_identification:_identify(webapp/target/classes/static/static/images) by extensions ['ros']
[1.398s] Level 1:colcon.colcon_core.package_identification:_identify(webapp/target/classes/static/static/images) by extension 'ros'
[1.398s] Level 1:colcon.colcon_core.package_identification:_identify(webapp/target/classes/static/static/images) by extensions ['cmake', 'python']
[1.398s] Level 1:colcon.colcon_core.package_identification:_identify(webapp/target/classes/static/static/images) by extension 'cmake'
[1.399s] Level 1:colcon.colcon_core.package_identification:_identify(webapp/target/classes/static/static/images) by extension 'python'
[1.399s] Level 1:colcon.colcon_core.package_identification:_identify(webapp/target/classes/static/static/images) by extensions ['python_setup_py']
[1.399s] Level 1:colcon.colcon_core.package_identification:_identify(webapp/target/classes/static/static/images) by extension 'python_setup_py'
[1.400s] Level 1:colcon.colcon_core.package_identification:_identify(webapp/target/classes/static/static/scripts) by extensions ['ignore', 'ignore_ament_install']
[1.401s] Level 1:colcon.colcon_core.package_identification:_identify(webapp/target/classes/static/static/scripts) by extension 'ignore'
[1.401s] Level 1:colcon.colcon_core.package_identification:_identify(webapp/target/classes/static/static/scripts) by extension 'ignore_ament_install'
[1.402s] Level 1:colcon.colcon_core.package_identification:_identify(webapp/target/classes/static/static/scripts) by extensions ['colcon_pkg']
[1.402s] Level 1:colcon.colcon_core.package_identification:_identify(webapp/target/classes/static/static/scripts) by extension 'colcon_pkg'
[1.402s] Level 1:colcon.colcon_core.package_identification:_identify(webapp/target/classes/static/static/scripts) by extensions ['colcon_meta']
[1.402s] Level 1:colcon.colcon_core.package_identification:_identify(webapp/target/classes/static/static/scripts) by extension 'colcon_meta'
[1.403s] Level 1:colcon.colcon_core.package_identification:_identify(webapp/target/classes/static/static/scripts) by extensions ['ros']
[1.403s] Level 1:colcon.colcon_core.package_identification:_identify(webapp/target/classes/static/static/scripts) by extension 'ros'
[1.403s] Level 1:colcon.colcon_core.package_identification:_identify(webapp/target/classes/static/static/scripts) by extensions ['cmake', 'python']
[1.403s] Level 1:colcon.colcon_core.package_identification:_identify(webapp/target/classes/static/static/scripts) by extension 'cmake'
[1.404s] Level 1:colcon.colcon_core.package_identification:_identify(webapp/target/classes/static/static/scripts) by extension 'python'
[1.404s] Level 1:colcon.colcon_core.package_identification:_identify(webapp/target/classes/static/static/scripts) by extensions ['python_setup_py']
[1.404s] Level 1:colcon.colcon_core.package_identification:_identify(webapp/target/classes/static/static/scripts) by extension 'python_setup_py'
[1.405s] Level 1:colcon.colcon_core.package_identification:_identify(webapp/target/classes/templates) by extensions ['ignore', 'ignore_ament_install']
[1.406s] Level 1:colcon.colcon_core.package_identification:_identify(webapp/target/classes/templates) by extension 'ignore'
[1.406s] Level 1:colcon.colcon_core.package_identification:_identify(webapp/target/classes/templates) by extension 'ignore_ament_install'
[1.407s] Level 1:colcon.colcon_core.package_identification:_identify(webapp/target/classes/templates) by extensions ['colcon_pkg']
[1.407s] Level 1:colcon.colcon_core.package_identification:_identify(webapp/target/classes/templates) by extension 'colcon_pkg'
[1.407s] Level 1:colcon.colcon_core.package_identification:_identify(webapp/target/classes/templates) by extensions ['colcon_meta']
[1.407s] Level 1:colcon.colcon_core.package_identification:_identify(webapp/target/classes/templates) by extension 'colcon_meta'
[1.407s] Level 1:colcon.colcon_core.package_identification:_identify(webapp/target/classes/templates) by extensions ['ros']
[1.408s] Level 1:colcon.colcon_core.package_identification:_identify(webapp/target/classes/templates) by extension 'ros'
[1.408s] Level 1:colcon.colcon_core.package_identification:_identify(webapp/target/classes/templates) by extensions ['cmake', 'python']
[1.408s] Level 1:colcon.colcon_core.package_identification:_identify(webapp/target/classes/templates) by extension 'cmake'
[1.408s] Level 1:colcon.colcon_core.package_identification:_identify(webapp/target/classes/templates) by extension 'python'
[1.409s] Level 1:colcon.colcon_core.package_identification:_identify(webapp/target/classes/templates) by extensions ['python_setup_py']
[1.409s] Level 1:colcon.colcon_core.package_identification:_identify(webapp/target/classes/templates) by extension 'python_setup_py'
[1.410s] Level 1:colcon.colcon_core.package_identification:_identify(webapp/target/generated-sources) by extensions ['ignore', 'ignore_ament_install']
[1.410s] Level 1:colcon.colcon_core.package_identification:_identify(webapp/target/generated-sources) by extension 'ignore'
[1.411s] Level 1:colcon.colcon_core.package_identification:_identify(webapp/target/generated-sources) by extension 'ignore_ament_install'
[1.411s] Level 1:colcon.colcon_core.package_identification:_identify(webapp/target/generated-sources) by extensions ['colcon_pkg']
[1.411s] Level 1:colcon.colcon_core.package_identification:_identify(webapp/target/generated-sources) by extension 'colcon_pkg'
[1.411s] Level 1:colcon.colcon_core.package_identification:_identify(webapp/target/generated-sources) by extensions ['colcon_meta']
[1.412s] Level 1:colcon.colcon_core.package_identification:_identify(webapp/target/generated-sources) by extension 'colcon_meta'
[1.412s] Level 1:colcon.colcon_core.package_identification:_identify(webapp/target/generated-sources) by extensions ['ros']
[1.412s] Level 1:colcon.colcon_core.package_identification:_identify(webapp/target/generated-sources) by extension 'ros'
[1.412s] Level 1:colcon.colcon_core.package_identification:_identify(webapp/target/generated-sources) by extensions ['cmake', 'python']
[1.413s] Level 1:colcon.colcon_core.package_identification:_identify(webapp/target/generated-sources) by extension 'cmake'
[1.413s] Level 1:colcon.colcon_core.package_identification:_identify(webapp/target/generated-sources) by extension 'python'
[1.413s] Level 1:colcon.colcon_core.package_identification:_identify(webapp/target/generated-sources) by extensions ['python_setup_py']
[1.413s] Level 1:colcon.colcon_core.package_identification:_identify(webapp/target/generated-sources) by extension 'python_setup_py'
[1.414s] Level 1:colcon.colcon_core.package_identification:_identify(webapp/target/generated-sources/annotations) by extensions ['ignore', 'ignore_ament_install']
[1.415s] Level 1:colcon.colcon_core.package_identification:_identify(webapp/target/generated-sources/annotations) by extension 'ignore'
[1.415s] Level 1:colcon.colcon_core.package_identification:_identify(webapp/target/generated-sources/annotations) by extension 'ignore_ament_install'
[1.415s] Level 1:colcon.colcon_core.package_identification:_identify(webapp/target/generated-sources/annotations) by extensions ['colcon_pkg']
[1.416s] Level 1:colcon.colcon_core.package_identification:_identify(webapp/target/generated-sources/annotations) by extension 'colcon_pkg'
[1.416s] Level 1:colcon.colcon_core.package_identification:_identify(webapp/target/generated-sources/annotations) by extensions ['colcon_meta']
[1.416s] Level 1:colcon.colcon_core.package_identification:_identify(webapp/target/generated-sources/annotations) by extension 'colcon_meta'
[1.416s] Level 1:colcon.colcon_core.package_identification:_identify(webapp/target/generated-sources/annotations) by extensions ['ros']
[1.416s] Level 1:colcon.colcon_core.package_identification:_identify(webapp/target/generated-sources/annotations) by extension 'ros'
[1.417s] Level 1:colcon.colcon_core.package_identification:_identify(webapp/target/generated-sources/annotations) by extensions ['cmake', 'python']
[1.417s] Level 1:colcon.colcon_core.package_identification:_identify(webapp/target/generated-sources/annotations) by extension 'cmake'
[1.417s] Level 1:colcon.colcon_core.package_identification:_identify(webapp/target/generated-sources/annotations) by extension 'python'
[1.417s] Level 1:colcon.colcon_core.package_identification:_identify(webapp/target/generated-sources/annotations) by extensions ['python_setup_py']
[1.418s] Level 1:colcon.colcon_core.package_identification:_identify(webapp/target/generated-sources/annotations) by extension 'python_setup_py'
[1.419s] Level 1:colcon.colcon_core.package_identification:_identify(webapp/target/generated-test-sources) by extensions ['ignore', 'ignore_ament_install']
[1.419s] Level 1:colcon.colcon_core.package_identification:_identify(webapp/target/generated-test-sources) by extension 'ignore'
[1.420s] Level 1:colcon.colcon_core.package_identification:_identify(webapp/target/generated-test-sources) by extension 'ignore_ament_install'
[1.420s] Level 1:colcon.colcon_core.package_identification:_identify(webapp/target/generated-test-sources) by extensions ['colcon_pkg']
[1.420s] Level 1:colcon.colcon_core.package_identification:_identify(webapp/target/generated-test-sources) by extension 'colcon_pkg'
[1.420s] Level 1:colcon.colcon_core.package_identification:_identify(webapp/target/generated-test-sources) by extensions ['colcon_meta']
[1.421s] Level 1:colcon.colcon_core.package_identification:_identify(webapp/target/generated-test-sources) by extension 'colcon_meta'
[1.421s] Level 1:colcon.colcon_core.package_identification:_identify(webapp/target/generated-test-sources) by extensions ['ros']
[1.421s] Level 1:colcon.colcon_core.package_identification:_identify(webapp/target/generated-test-sources) by extension 'ros'
[1.421s] Level 1:colcon.colcon_core.package_identification:_identify(webapp/target/generated-test-sources) by extensions ['cmake', 'python']
[1.422s] Level 1:colcon.colcon_core.package_identification:_identify(webapp/target/generated-test-sources) by extension 'cmake'
[1.422s] Level 1:colcon.colcon_core.package_identification:_identify(webapp/target/generated-test-sources) by extension 'python'
[1.422s] Level 1:colcon.colcon_core.package_identification:_identify(webapp/target/generated-test-sources) by extensions ['python_setup_py']
[1.422s] Level 1:colcon.colcon_core.package_identification:_identify(webapp/target/generated-test-sources) by extension 'python_setup_py'
[1.423s] Level 1:colcon.colcon_core.package_identification:_identify(webapp/target/generated-test-sources/test-annotations) by extensions ['ignore', 'ignore_ament_install']
[1.424s] Level 1:colcon.colcon_core.package_identification:_identify(webapp/target/generated-test-sources/test-annotations) by extension 'ignore'
[1.424s] Level 1:colcon.colcon_core.package_identification:_identify(webapp/target/generated-test-sources/test-annotations) by extension 'ignore_ament_install'
[1.424s] Level 1:colcon.colcon_core.package_identification:_identify(webapp/target/generated-test-sources/test-annotations) by extensions ['colcon_pkg']
[1.425s] Level 1:colcon.colcon_core.package_identification:_identify(webapp/target/generated-test-sources/test-annotations) by extension 'colcon_pkg'
[1.425s] Level 1:colcon.colcon_core.package_identification:_identify(webapp/target/generated-test-sources/test-annotations) by extensions ['colcon_meta']
[1.425s] Level 1:colcon.colcon_core.package_identification:_identify(webapp/target/generated-test-sources/test-annotations) by extension 'colcon_meta'
[1.425s] Level 1:colcon.colcon_core.package_identification:_identify(webapp/target/generated-test-sources/test-annotations) by extensions ['ros']
[1.425s] Level 1:colcon.colcon_core.package_identification:_identify(webapp/target/generated-test-sources/test-annotations) by extension 'ros'
[1.426s] Level 1:colcon.colcon_core.package_identification:_identify(webapp/target/generated-test-sources/test-annotations) by extensions ['cmake', 'python']
[1.426s] Level 1:colcon.colcon_core.package_identification:_identify(webapp/target/generated-test-sources/test-annotations) by extension 'cmake'
[1.426s] Level 1:colcon.colcon_core.package_identification:_identify(webapp/target/generated-test-sources/test-annotations) by extension 'python'
[1.427s] Level 1:colcon.colcon_core.package_identification:_identify(webapp/target/generated-test-sources/test-annotations) by extensions ['python_setup_py']
[1.427s] Level 1:colcon.colcon_core.package_identification:_identify(webapp/target/generated-test-sources/test-annotations) by extension 'python_setup_py'
[1.428s] Level 1:colcon.colcon_core.package_identification:_identify(webapp/target/maven-status) by extensions ['ignore', 'ignore_ament_install']
[1.428s] Level 1:colcon.colcon_core.package_identification:_identify(webapp/target/maven-status) by extension 'ignore'
[1.429s] Level 1:colcon.colcon_core.package_identification:_identify(webapp/target/maven-status) by extension 'ignore_ament_install'
[1.429s] Level 1:colcon.colcon_core.package_identification:_identify(webapp/target/maven-status) by extensions ['colcon_pkg']
[1.429s] Level 1:colcon.colcon_core.package_identification:_identify(webapp/target/maven-status) by extension 'colcon_pkg'
[1.429s] Level 1:colcon.colcon_core.package_identification:_identify(webapp/target/maven-status) by extensions ['colcon_meta']
[1.429s] Level 1:colcon.colcon_core.package_identification:_identify(webapp/target/maven-status) by extension 'colcon_meta'
[1.430s] Level 1:colcon.colcon_core.package_identification:_identify(webapp/target/maven-status) by extensions ['ros']
[1.430s] Level 1:colcon.colcon_core.package_identification:_identify(webapp/target/maven-status) by extension 'ros'
[1.431s] Level 1:colcon.colcon_core.package_identification:_identify(webapp/target/maven-status) by extensions ['cmake', 'python']
[1.431s] Level 1:colcon.colcon_core.package_identification:_identify(webapp/target/maven-status) by extension 'cmake'
[1.431s] Level 1:colcon.colcon_core.package_identification:_identify(webapp/target/maven-status) by extension 'python'
[1.431s] Level 1:colcon.colcon_core.package_identification:_identify(webapp/target/maven-status) by extensions ['python_setup_py']
[1.431s] Level 1:colcon.colcon_core.package_identification:_identify(webapp/target/maven-status) by extension 'python_setup_py'
[1.432s] Level 1:colcon.colcon_core.package_identification:_identify(webapp/target/maven-status/maven-compiler-plugin) by extensions ['ignore', 'ignore_ament_install']
[1.433s] Level 1:colcon.colcon_core.package_identification:_identify(webapp/target/maven-status/maven-compiler-plugin) by extension 'ignore'
[1.433s] Level 1:colcon.colcon_core.package_identification:_identify(webapp/target/maven-status/maven-compiler-plugin) by extension 'ignore_ament_install'
[1.433s] Level 1:colcon.colcon_core.package_identification:_identify(webapp/target/maven-status/maven-compiler-plugin) by extensions ['colcon_pkg']
[1.434s] Level 1:colcon.colcon_core.package_identification:_identify(webapp/target/maven-status/maven-compiler-plugin) by extension 'colcon_pkg'
[1.434s] Level 1:colcon.colcon_core.package_identification:_identify(webapp/target/maven-status/maven-compiler-plugin) by extensions ['colcon_meta']
[1.434s] Level 1:colcon.colcon_core.package_identification:_identify(webapp/target/maven-status/maven-compiler-plugin) by extension 'colcon_meta'
[1.434s] Level 1:colcon.colcon_core.package_identification:_identify(webapp/target/maven-status/maven-compiler-plugin) by extensions ['ros']
[1.434s] Level 1:colcon.colcon_core.package_identification:_identify(webapp/target/maven-status/maven-compiler-plugin) by extension 'ros'
[1.435s] Level 1:colcon.colcon_core.package_identification:_identify(webapp/target/maven-status/maven-compiler-plugin) by extensions ['cmake', 'python']
[1.435s] Level 1:colcon.colcon_core.package_identification:_identify(webapp/target/maven-status/maven-compiler-plugin) by extension 'cmake'
[1.435s] Level 1:colcon.colcon_core.package_identification:_identify(webapp/target/maven-status/maven-compiler-plugin) by extension 'python'
[1.436s] Level 1:colcon.colcon_core.package_identification:_identify(webapp/target/maven-status/maven-compiler-plugin) by extensions ['python_setup_py']
[1.436s] Level 1:colcon.colcon_core.package_identification:_identify(webapp/target/maven-status/maven-compiler-plugin) by extension 'python_setup_py'
[1.437s] Level 1:colcon.colcon_core.package_identification:_identify(webapp/target/maven-status/maven-compiler-plugin/compile) by extensions ['ignore', 'ignore_ament_install']
[1.437s] Level 1:colcon.colcon_core.package_identification:_identify(webapp/target/maven-status/maven-compiler-plugin/compile) by extension 'ignore'
[1.438s] Level 1:colcon.colcon_core.package_identification:_identify(webapp/target/maven-status/maven-compiler-plugin/compile) by extension 'ignore_ament_install'
[1.438s] Level 1:colcon.colcon_core.package_identification:_identify(webapp/target/maven-status/maven-compiler-plugin/compile) by extensions ['colcon_pkg']
[1.438s] Level 1:colcon.colcon_core.package_identification:_identify(webapp/target/maven-status/maven-compiler-plugin/compile) by extension 'colcon_pkg'
[1.438s] Level 1:colcon.colcon_core.package_identification:_identify(webapp/target/maven-status/maven-compiler-plugin/compile) by extensions ['colcon_meta']
[1.438s] Level 1:colcon.colcon_core.package_identification:_identify(webapp/target/maven-status/maven-compiler-plugin/compile) by extension 'colcon_meta'
[1.439s] Level 1:colcon.colcon_core.package_identification:_identify(webapp/target/maven-status/maven-compiler-plugin/compile) by extensions ['ros']
[1.439s] Level 1:colcon.colcon_core.package_identification:_identify(webapp/target/maven-status/maven-compiler-plugin/compile) by extension 'ros'
[1.439s] Level 1:colcon.colcon_core.package_identification:_identify(webapp/target/maven-status/maven-compiler-plugin/compile) by extensions ['cmake', 'python']
[1.440s] Level 1:colcon.colcon_core.package_identification:_identify(webapp/target/maven-status/maven-compiler-plugin/compile) by extension 'cmake'
[1.440s] Level 1:colcon.colcon_core.package_identification:_identify(webapp/target/maven-status/maven-compiler-plugin/compile) by extension 'python'
[1.440s] Level 1:colcon.colcon_core.package_identification:_identify(webapp/target/maven-status/maven-compiler-plugin/compile) by extensions ['python_setup_py']
[1.440s] Level 1:colcon.colcon_core.package_identification:_identify(webapp/target/maven-status/maven-compiler-plugin/compile) by extension 'python_setup_py'
[1.441s] Level 1:colcon.colcon_core.package_identification:_identify(webapp/target/maven-status/maven-compiler-plugin/compile/default-compile) by extensions ['ignore', 'ignore_ament_install']
[1.442s] Level 1:colcon.colcon_core.package_identification:_identify(webapp/target/maven-status/maven-compiler-plugin/compile/default-compile) by extension 'ignore'
[1.442s] Level 1:colcon.colcon_core.package_identification:_identify(webapp/target/maven-status/maven-compiler-plugin/compile/default-compile) by extension 'ignore_ament_install'
[1.443s] Level 1:colcon.colcon_core.package_identification:_identify(webapp/target/maven-status/maven-compiler-plugin/compile/default-compile) by extensions ['colcon_pkg']
[1.443s] Level 1:colcon.colcon_core.package_identification:_identify(webapp/target/maven-status/maven-compiler-plugin/compile/default-compile) by extension 'colcon_pkg'
[1.443s] Level 1:colcon.colcon_core.package_identification:_identify(webapp/target/maven-status/maven-compiler-plugin/compile/default-compile) by extensions ['colcon_meta']
[1.443s] Level 1:colcon.colcon_core.package_identification:_identify(webapp/target/maven-status/maven-compiler-plugin/compile/default-compile) by extension 'colcon_meta'
[1.443s] Level 1:colcon.colcon_core.package_identification:_identify(webapp/target/maven-status/maven-compiler-plugin/compile/default-compile) by extensions ['ros']
[1.444s] Level 1:colcon.colcon_core.package_identification:_identify(webapp/target/maven-status/maven-compiler-plugin/compile/default-compile) by extension 'ros'
[1.444s] Level 1:colcon.colcon_core.package_identification:_identify(webapp/target/maven-status/maven-compiler-plugin/compile/default-compile) by extensions ['cmake', 'python']
[1.444s] Level 1:colcon.colcon_core.package_identification:_identify(webapp/target/maven-status/maven-compiler-plugin/compile/default-compile) by extension 'cmake'
[1.445s] Level 1:colcon.colcon_core.package_identification:_identify(webapp/target/maven-status/maven-compiler-plugin/compile/default-compile) by extension 'python'
[1.445s] Level 1:colcon.colcon_core.package_identification:_identify(webapp/target/maven-status/maven-compiler-plugin/compile/default-compile) by extensions ['python_setup_py']
[1.445s] Level 1:colcon.colcon_core.package_identification:_identify(webapp/target/maven-status/maven-compiler-plugin/compile/default-compile) by extension 'python_setup_py'
[1.446s] Level 1:colcon.colcon_core.package_identification:_identify(webapp/target/maven-status/maven-compiler-plugin/testCompile) by extensions ['ignore', 'ignore_ament_install']
[1.447s] Level 1:colcon.colcon_core.package_identification:_identify(webapp/target/maven-status/maven-compiler-plugin/testCompile) by extension 'ignore'
[1.447s] Level 1:colcon.colcon_core.package_identification:_identify(webapp/target/maven-status/maven-compiler-plugin/testCompile) by extension 'ignore_ament_install'
[1.447s] Level 1:colcon.colcon_core.package_identification:_identify(webapp/target/maven-status/maven-compiler-plugin/testCompile) by extensions ['colcon_pkg']
[1.447s] Level 1:colcon.colcon_core.package_identification:_identify(webapp/target/maven-status/maven-compiler-plugin/testCompile) by extension 'colcon_pkg'
[1.448s] Level 1:colcon.colcon_core.package_identification:_identify(webapp/target/maven-status/maven-compiler-plugin/testCompile) by extensions ['colcon_meta']
[1.448s] Level 1:colcon.colcon_core.package_identification:_identify(webapp/target/maven-status/maven-compiler-plugin/testCompile) by extension 'colcon_meta'
[1.448s] Level 1:colcon.colcon_core.package_identification:_identify(webapp/target/maven-status/maven-compiler-plugin/testCompile) by extensions ['ros']
[1.448s] Level 1:colcon.colcon_core.package_identification:_identify(webapp/target/maven-status/maven-compiler-plugin/testCompile) by extension 'ros'
[1.449s] Level 1:colcon.colcon_core.package_identification:_identify(webapp/target/maven-status/maven-compiler-plugin/testCompile) by extensions ['cmake', 'python']
[1.449s] Level 1:colcon.colcon_core.package_identification:_identify(webapp/target/maven-status/maven-compiler-plugin/testCompile) by extension 'cmake'
[1.449s] Level 1:colcon.colcon_core.package_identification:_identify(webapp/target/maven-status/maven-compiler-plugin/testCompile) by extension 'python'
[1.449s] Level 1:colcon.colcon_core.package_identification:_identify(webapp/target/maven-status/maven-compiler-plugin/testCompile) by extensions ['python_setup_py']
[1.449s] Level 1:colcon.colcon_core.package_identification:_identify(webapp/target/maven-status/maven-compiler-plugin/testCompile) by extension 'python_setup_py'
[1.451s] Level 1:colcon.colcon_core.package_identification:_identify(webapp/target/maven-status/maven-compiler-plugin/testCompile/default-testCompile) by extensions ['ignore', 'ignore_ament_install']
[1.451s] Level 1:colcon.colcon_core.package_identification:_identify(webapp/target/maven-status/maven-compiler-plugin/testCompile/default-testCompile) by extension 'ignore'
[1.452s] Level 1:colcon.colcon_core.package_identification:_identify(webapp/target/maven-status/maven-compiler-plugin/testCompile/default-testCompile) by extension 'ignore_ament_install'
[1.452s] Level 1:colcon.colcon_core.package_identification:_identify(webapp/target/maven-status/maven-compiler-plugin/testCompile/default-testCompile) by extensions ['colcon_pkg']
[1.452s] Level 1:colcon.colcon_core.package_identification:_identify(webapp/target/maven-status/maven-compiler-plugin/testCompile/default-testCompile) by extension 'colcon_pkg'
[1.452s] Level 1:colcon.colcon_core.package_identification:_identify(webapp/target/maven-status/maven-compiler-plugin/testCompile/default-testCompile) by extensions ['colcon_meta']
[1.452s] Level 1:colcon.colcon_core.package_identification:_identify(webapp/target/maven-status/maven-compiler-plugin/testCompile/default-testCompile) by extension 'colcon_meta'
[1.453s] Level 1:colcon.colcon_core.package_identification:_identify(webapp/target/maven-status/maven-compiler-plugin/testCompile/default-testCompile) by extensions ['ros']
[1.453s] Level 1:colcon.colcon_core.package_identification:_identify(webapp/target/maven-status/maven-compiler-plugin/testCompile/default-testCompile) by extension 'ros'
[1.453s] Level 1:colcon.colcon_core.package_identification:_identify(webapp/target/maven-status/maven-compiler-plugin/testCompile/default-testCompile) by extensions ['cmake', 'python']
[1.454s] Level 1:colcon.colcon_core.package_identification:_identify(webapp/target/maven-status/maven-compiler-plugin/testCompile/default-testCompile) by extension 'cmake'
[1.454s] Level 1:colcon.colcon_core.package_identification:_identify(webapp/target/maven-status/maven-compiler-plugin/testCompile/default-testCompile) by extension 'python'
[1.454s] Level 1:colcon.colcon_core.package_identification:_identify(webapp/target/maven-status/maven-compiler-plugin/testCompile/default-testCompile) by extensions ['python_setup_py']
[1.454s] Level 1:colcon.colcon_core.package_identification:_identify(webapp/target/maven-status/maven-compiler-plugin/testCompile/default-testCompile) by extension 'python_setup_py'
[1.456s] Level 1:colcon.colcon_core.package_identification:_identify(webapp/target/surefire-reports) by extensions ['ignore', 'ignore_ament_install']
[1.456s] Level 1:colcon.colcon_core.package_identification:_identify(webapp/target/surefire-reports) by extension 'ignore'
[1.456s] Level 1:colcon.colcon_core.package_identification:_identify(webapp/target/surefire-reports) by extension 'ignore_ament_install'
[1.457s] Level 1:colcon.colcon_core.package_identification:_identify(webapp/target/surefire-reports) by extensions ['colcon_pkg']
[1.457s] Level 1:colcon.colcon_core.package_identification:_identify(webapp/target/surefire-reports) by extension 'colcon_pkg'
[1.457s] Level 1:colcon.colcon_core.package_identification:_identify(webapp/target/surefire-reports) by extensions ['colcon_meta']
[1.457s] Level 1:colcon.colcon_core.package_identification:_identify(webapp/target/surefire-reports) by extension 'colcon_meta'
[1.458s] Level 1:colcon.colcon_core.package_identification:_identify(webapp/target/surefire-reports) by extensions ['ros']
[1.458s] Level 1:colcon.colcon_core.package_identification:_identify(webapp/target/surefire-reports) by extension 'ros'
[1.458s] Level 1:colcon.colcon_core.package_identification:_identify(webapp/target/surefire-reports) by extensions ['cmake', 'python']
[1.458s] Level 1:colcon.colcon_core.package_identification:_identify(webapp/target/surefire-reports) by extension 'cmake'
[1.459s] Level 1:colcon.colcon_core.package_identification:_identify(webapp/target/surefire-reports) by extension 'python'
[1.459s] Level 1:colcon.colcon_core.package_identification:_identify(webapp/target/surefire-reports) by extensions ['python_setup_py']
[1.459s] Level 1:colcon.colcon_core.package_identification:_identify(webapp/target/surefire-reports) by extension 'python_setup_py'
[1.460s] Level 1:colcon.colcon_core.package_identification:_identify(webapp/target/test-classes) by extensions ['ignore', 'ignore_ament_install']
[1.460s] Level 1:colcon.colcon_core.package_identification:_identify(webapp/target/test-classes) by extension 'ignore'
[1.461s] Level 1:colcon.colcon_core.package_identification:_identify(webapp/target/test-classes) by extension 'ignore_ament_install'
[1.461s] Level 1:colcon.colcon_core.package_identification:_identify(webapp/target/test-classes) by extensions ['colcon_pkg']
[1.461s] Level 1:colcon.colcon_core.package_identification:_identify(webapp/target/test-classes) by extension 'colcon_pkg'
[1.461s] Level 1:colcon.colcon_core.package_identification:_identify(webapp/target/test-classes) by extensions ['colcon_meta']
[1.462s] Level 1:colcon.colcon_core.package_identification:_identify(webapp/target/test-classes) by extension 'colcon_meta'
[1.462s] Level 1:colcon.colcon_core.package_identification:_identify(webapp/target/test-classes) by extensions ['ros']
[1.462s] Level 1:colcon.colcon_core.package_identification:_identify(webapp/target/test-classes) by extension 'ros'
[1.462s] Level 1:colcon.colcon_core.package_identification:_identify(webapp/target/test-classes) by extensions ['cmake', 'python']
[1.463s] Level 1:colcon.colcon_core.package_identification:_identify(webapp/target/test-classes) by extension 'cmake'
[1.463s] Level 1:colcon.colcon_core.package_identification:_identify(webapp/target/test-classes) by extension 'python'
[1.463s] Level 1:colcon.colcon_core.package_identification:_identify(webapp/target/test-classes) by extensions ['python_setup_py']
[1.463s] Level 1:colcon.colcon_core.package_identification:_identify(webapp/target/test-classes) by extension 'python_setup_py'
[1.464s] Level 1:colcon.colcon_core.package_identification:_identify(webapp/target/test-classes/com) by extensions ['ignore', 'ignore_ament_install']
[1.465s] Level 1:colcon.colcon_core.package_identification:_identify(webapp/target/test-classes/com) by extension 'ignore'
[1.465s] Level 1:colcon.colcon_core.package_identification:_identify(webapp/target/test-classes/com) by extension 'ignore_ament_install'
[1.465s] Level 1:colcon.colcon_core.package_identification:_identify(webapp/target/test-classes/com) by extensions ['colcon_pkg']
[1.465s] Level 1:colcon.colcon_core.package_identification:_identify(webapp/target/test-classes/com) by extension 'colcon_pkg'
[1.466s] Level 1:colcon.colcon_core.package_identification:_identify(webapp/target/test-classes/com) by extensions ['colcon_meta']
[1.466s] Level 1:colcon.colcon_core.package_identification:_identify(webapp/target/test-classes/com) by extension 'colcon_meta'
[1.466s] Level 1:colcon.colcon_core.package_identification:_identify(webapp/target/test-classes/com) by extensions ['ros']
[1.466s] Level 1:colcon.colcon_core.package_identification:_identify(webapp/target/test-classes/com) by extension 'ros'
[1.467s] Level 1:colcon.colcon_core.package_identification:_identify(webapp/target/test-classes/com) by extensions ['cmake', 'python']
[1.467s] Level 1:colcon.colcon_core.package_identification:_identify(webapp/target/test-classes/com) by extension 'cmake'
[1.467s] Level 1:colcon.colcon_core.package_identification:_identify(webapp/target/test-classes/com) by extension 'python'
[1.467s] Level 1:colcon.colcon_core.package_identification:_identify(webapp/target/test-classes/com) by extensions ['python_setup_py']
[1.468s] Level 1:colcon.colcon_core.package_identification:_identify(webapp/target/test-classes/com) by extension 'python_setup_py'
[1.469s] Level 1:colcon.colcon_core.package_identification:_identify(webapp/target/test-classes/com/cmds) by extensions ['ignore', 'ignore_ament_install']
[1.469s] Level 1:colcon.colcon_core.package_identification:_identify(webapp/target/test-classes/com/cmds) by extension 'ignore'
[1.470s] Level 1:colcon.colcon_core.package_identification:_identify(webapp/target/test-classes/com/cmds) by extension 'ignore_ament_install'
[1.470s] Level 1:colcon.colcon_core.package_identification:_identify(webapp/target/test-classes/com/cmds) by extensions ['colcon_pkg']
[1.470s] Level 1:colcon.colcon_core.package_identification:_identify(webapp/target/test-classes/com/cmds) by extension 'colcon_pkg'
[1.470s] Level 1:colcon.colcon_core.package_identification:_identify(webapp/target/test-classes/com/cmds) by extensions ['colcon_meta']
[1.470s] Level 1:colcon.colcon_core.package_identification:_identify(webapp/target/test-classes/com/cmds) by extension 'colcon_meta'
[1.471s] Level 1:colcon.colcon_core.package_identification:_identify(webapp/target/test-classes/com/cmds) by extensions ['ros']
[1.471s] Level 1:colcon.colcon_core.package_identification:_identify(webapp/target/test-classes/com/cmds) by extension 'ros'
[1.471s] Level 1:colcon.colcon_core.package_identification:_identify(webapp/target/test-classes/com/cmds) by extensions ['cmake', 'python']
[1.471s] Level 1:colcon.colcon_core.package_identification:_identify(webapp/target/test-classes/com/cmds) by extension 'cmake'
[1.472s] Level 1:colcon.colcon_core.package_identification:_identify(webapp/target/test-classes/com/cmds) by extension 'python'
[1.472s] Level 1:colcon.colcon_core.package_identification:_identify(webapp/target/test-classes/com/cmds) by extensions ['python_setup_py']
[1.472s] Level 1:colcon.colcon_core.package_identification:_identify(webapp/target/test-classes/com/cmds) by extension 'python_setup_py'
[1.473s] Level 1:colcon.colcon_core.package_identification:_identify(webapp/target/test-classes/com/cmds/webapp) by extensions ['ignore', 'ignore_ament_install']
[1.474s] Level 1:colcon.colcon_core.package_identification:_identify(webapp/target/test-classes/com/cmds/webapp) by extension 'ignore'
[1.474s] Level 1:colcon.colcon_core.package_identification:_identify(webapp/target/test-classes/com/cmds/webapp) by extension 'ignore_ament_install'
[1.474s] Level 1:colcon.colcon_core.package_identification:_identify(webapp/target/test-classes/com/cmds/webapp) by extensions ['colcon_pkg']
[1.475s] Level 1:colcon.colcon_core.package_identification:_identify(webapp/target/test-classes/com/cmds/webapp) by extension 'colcon_pkg'
[1.475s] Level 1:colcon.colcon_core.package_identification:_identify(webapp/target/test-classes/com/cmds/webapp) by extensions ['colcon_meta']
[1.475s] Level 1:colcon.colcon_core.package_identification:_identify(webapp/target/test-classes/com/cmds/webapp) by extension 'colcon_meta'
[1.475s] Level 1:colcon.colcon_core.package_identification:_identify(webapp/target/test-classes/com/cmds/webapp) by extensions ['ros']
[1.475s] Level 1:colcon.colcon_core.package_identification:_identify(webapp/target/test-classes/com/cmds/webapp) by extension 'ros'
[1.476s] Level 1:colcon.colcon_core.package_identification:_identify(webapp/target/test-classes/com/cmds/webapp) by extensions ['cmake', 'python']
[1.476s] Level 1:colcon.colcon_core.package_identification:_identify(webapp/target/test-classes/com/cmds/webapp) by extension 'cmake'
[1.476s] Level 1:colcon.colcon_core.package_identification:_identify(webapp/target/test-classes/com/cmds/webapp) by extension 'python'
[1.476s] Level 1:colcon.colcon_core.package_identification:_identify(webapp/target/test-classes/com/cmds/webapp) by extensions ['python_setup_py']
[1.477s] Level 1:colcon.colcon_core.package_identification:_identify(webapp/target/test-classes/com/cmds/webapp) by extension 'python_setup_py'
[1.477s] Level 1:colcon.colcon_core.package_discovery:discover_packages(recursive) using defaults
[1.477s] Level 1:colcon.colcon_core.package_discovery:discover_packages(ignore) discover
[1.477s] Level 1:colcon.colcon_core.package_discovery:discover_packages(ignore) using defaults
[1.477s] Level 1:colcon.colcon_core.package_discovery:discover_packages(path) discover
[1.477s] Level 1:colcon.colcon_core.package_discovery:discover_packages(path) using defaults
[1.559s] Level 1:colcon.colcon_core.package_discovery:discover_packages(prefix_path) check parameters
[1.559s] Level 1:colcon.colcon_core.package_discovery:discover_packages(prefix_path) discover
[1.564s] Level 1:colcon.colcon_core.package_discovery:discover_packages(prefix_path) using defaults
[1.569s] Level 5:colcon.colcon_core.verb:set package 'mail-delivery-robot' build argument 'cmake_args' from command line to 'None'
[1.569s] Level 5:colcon.colcon_core.verb:set package 'mail-delivery-robot' build argument 'cmake_target' from command line to 'None'
[1.569s] Level 5:colcon.colcon_core.verb:set package 'mail-delivery-robot' build argument 'cmake_target_skip_unavailable' from command line to 'False'
[1.569s] Level 5:colcon.colcon_core.verb:set package 'mail-delivery-robot' build argument 'cmake_clean_cache' from command line to 'False'
[1.569s] Level 5:colcon.colcon_core.verb:set package 'mail-delivery-robot' build argument 'cmake_clean_first' from command line to 'False'
[1.569s] Level 5:colcon.colcon_core.verb:set package 'mail-delivery-robot' build argument 'cmake_force_configure' from command line to 'False'
[1.569s] Level 5:colcon.colcon_core.verb:set package 'mail-delivery-robot' build argument 'ament_cmake_args' from command line to 'None'
[1.570s] Level 5:colcon.colcon_core.verb:set package 'mail-delivery-robot' build argument 'catkin_cmake_args' from command line to 'None'
[1.570s] Level 5:colcon.colcon_core.verb:set package 'mail-delivery-robot' build argument 'catkin_skip_building_tests' from command line to 'False'
[1.570s] DEBUG:colcon.colcon_core.verb:Building package 'mail-delivery-robot' with the following arguments: {'ament_cmake_args': None, 'build_base': '/home/capstone2526/cmdr_ws/src/carleton-mail-delivery-robot/build/mail-delivery-robot', 'catkin_cmake_args': None, 'catkin_skip_building_tests': False, 'cmake_args': None, 'cmake_clean_cache': False, 'cmake_clean_first': False, 'cmake_force_configure': False, 'cmake_target': None, 'cmake_target_skip_unavailable': False, 'install_base': '/home/capstone2526/cmdr_ws/src/carleton-mail-delivery-robot/install/mail-delivery-robot', 'merge_install': False, 'path': '/home/capstone2526/cmdr_ws/src/carleton-mail-delivery-robot/mail-delivery-robot', 'symlink_install': False, 'test_result_base': None}
[1.571s] INFO:colcon.colcon_core.executor:Executing jobs using 'parallel' executor
[1.575s] DEBUG:colcon.colcon_parallel_executor.executor.parallel:run_until_complete
[1.576s] INFO:colcon.colcon_ros.task.ament_python.build:Building ROS package in '/home/capstone2526/cmdr_ws/src/carleton-mail-delivery-robot/mail-delivery-robot' with build type 'ament_python'
[1.577s] Level 1:colcon.colcon_core.shell:create_environment_hook('mail-delivery-robot', 'ament_prefix_path')
[1.586s] INFO:colcon.colcon_core.plugin_system:Skipping extension 'colcon_core.shell.bat': Not used on non-Windows systems
[1.587s] INFO:colcon.colcon_core.shell:Creating environment hook '/home/capstone2526/cmdr_ws/src/carleton-mail-delivery-robot/install/mail-delivery-robot/share/mail-delivery-robot/hook/ament_prefix_path.ps1'
[1.590s] INFO:colcon.colcon_core.shell:Creating environment descriptor '/home/capstone2526/cmdr_ws/src/carleton-mail-delivery-robot/install/mail-delivery-robot/share/mail-delivery-robot/hook/ament_prefix_path.dsv'
[1.593s] INFO:colcon.colcon_core.shell:Creating environment hook '/home/capstone2526/cmdr_ws/src/carleton-mail-delivery-robot/install/mail-delivery-robot/share/mail-delivery-robot/hook/ament_prefix_path.sh'
[1.597s] INFO:colcon.colcon_core.shell:Skip shell extension 'powershell' for command environment: Not usable outside of PowerShell
[1.597s] DEBUG:colcon.colcon_core.shell:Skip shell extension 'dsv' for command environment
[2.652s] INFO:colcon.colcon_core.task.python.build:Building Python package in '/home/capstone2526/cmdr_ws/src/carleton-mail-delivery-robot/mail-delivery-robot'
[2.653s] INFO:colcon.colcon_core.shell:Skip shell extension 'powershell' for command environment: Not usable outside of PowerShell
[2.653s] DEBUG:colcon.colcon_core.shell:Skip shell extension 'dsv' for command environment
[4.210s] DEBUG:colcon.colcon_core.event_handler.log_command:Invoking command in '/home/capstone2526/cmdr_ws/src/carleton-mail-delivery-robot/mail-delivery-robot': PYTHONPATH=/home/capstone2526/cmdr_ws/src/carleton-mail-delivery-robot/build/mail-delivery-robot/prefix_override:/usr/lib/python3/dist-packages/colcon_core/task/python/colcon_distutils_commands:/home/capstone2526/cmdr_ws/src/carleton-mail-delivery-robot/install/mail-delivery-robot/lib/python3.10/site-packages: /usr/bin/python3 -W ignore:setup.py install is deprecated -W ignore:easy_install command is deprecated setup.py egg_info --egg-base ../build/mail-delivery-robot build --build-base /home/capstone2526/cmdr_ws/src/carleton-mail-delivery-robot/build/mail-delivery-robot/build install --record /home/capstone2526/cmdr_ws/src/carleton-mail-delivery-robot/build/mail-delivery-robot/install.log --single-version-externally-managed install_data
[5.589s] DEBUG:colcon.colcon_core.event_handler.log_command:Invoked command in '/home/capstone2526/cmdr_ws/src/carleton-mail-delivery-robot/mail-delivery-robot' returned '0': PYTHONPATH=/home/capstone2526/cmdr_ws/src/carleton-mail-delivery-robot/build/mail-delivery-robot/prefix_override:/usr/lib/python3/dist-packages/colcon_core/task/python/colcon_distutils_commands:/home/capstone2526/cmdr_ws/src/carleton-mail-delivery-robot/install/mail-delivery-robot/lib/python3.10/site-packages: /usr/bin/python3 -W ignore:setup.py install is deprecated -W ignore:easy_install command is deprecated setup.py egg_info --egg-base ../build/mail-delivery-robot build --build-base /home/capstone2526/cmdr_ws/src/carleton-mail-delivery-robot/build/mail-delivery-robot/build install --record /home/capstone2526/cmdr_ws/src/carleton-mail-delivery-robot/build/mail-delivery-robot/install.log --single-version-externally-managed install_data
[5.601s] Level 1:colcon.colcon_core.environment:checking '/home/capstone2526/cmdr_ws/src/carleton-mail-delivery-robot/install/mail-delivery-robot' for CMake module files
[5.607s] Level 1:colcon.colcon_core.environment:checking '/home/capstone2526/cmdr_ws/src/carleton-mail-delivery-robot/install/mail-delivery-robot' for CMake config files
[5.615s] Level 1:colcon.colcon_core.environment:checking '/home/capstone2526/cmdr_ws/src/carleton-mail-delivery-robot/install/mail-delivery-robot/lib'
[5.616s] Level 1:colcon.colcon_core.environment:checking '/home/capstone2526/cmdr_ws/src/carleton-mail-delivery-robot/install/mail-delivery-robot/bin'
[5.617s] Level 1:colcon.colcon_core.environment:checking '/home/capstone2526/cmdr_ws/src/carleton-mail-delivery-robot/install/mail-delivery-robot/lib/pkgconfig/mail-delivery-robot.pc'
[5.618s] Level 1:colcon.colcon_core.environment:checking '/home/capstone2526/cmdr_ws/src/carleton-mail-delivery-robot/install/mail-delivery-robot/lib/python3.10/site-packages'
[5.618s] Level 1:colcon.colcon_core.shell:create_environment_hook('mail-delivery-robot', 'pythonpath')
[5.619s] INFO:colcon.colcon_core.shell:Creating environment hook '/home/capstone2526/cmdr_ws/src/carleton-mail-delivery-robot/install/mail-delivery-robot/share/mail-delivery-robot/hook/pythonpath.ps1'
[5.621s] INFO:colcon.colcon_core.shell:Creating environment descriptor '/home/capstone2526/cmdr_ws/src/carleton-mail-delivery-robot/install/mail-delivery-robot/share/mail-delivery-robot/hook/pythonpath.dsv'
[5.622s] INFO:colcon.colcon_core.shell:Creating environment hook '/home/capstone2526/cmdr_ws/src/carleton-mail-delivery-robot/install/mail-delivery-robot/share/mail-delivery-robot/hook/pythonpath.sh'
[5.625s] Level 1:colcon.colcon_core.environment:checking '/home/capstone2526/cmdr_ws/src/carleton-mail-delivery-robot/install/mail-delivery-robot/bin'
[5.625s] Level 1:colcon.colcon_core.environment:create_environment_scripts_only(mail-delivery-robot)
[5.627s] INFO:colcon.colcon_core.shell:Creating package script '/home/capstone2526/cmdr_ws/src/carleton-mail-delivery-robot/install/mail-delivery-robot/share/mail-delivery-robot/package.ps1'
[5.630s] INFO:colcon.colcon_core.shell:Creating package descriptor '/home/capstone2526/cmdr_ws/src/carleton-mail-delivery-robot/install/mail-delivery-robot/share/mail-delivery-robot/package.dsv'
[5.633s] INFO:colcon.colcon_core.shell:Creating package script '/home/capstone2526/cmdr_ws/src/carleton-mail-delivery-robot/install/mail-delivery-robot/share/mail-delivery-robot/package.sh'
[5.636s] INFO:colcon.colcon_core.shell:Creating package script '/home/capstone2526/cmdr_ws/src/carleton-mail-delivery-robot/install/mail-delivery-robot/share/mail-delivery-robot/package.bash'
[5.640s] INFO:colcon.colcon_core.shell:Creating package script '/home/capstone2526/cmdr_ws/src/carleton-mail-delivery-robot/install/mail-delivery-robot/share/mail-delivery-robot/package.zsh'
[5.643s] Level 1:colcon.colcon_core.environment:create_file_with_runtime_dependencies(/home/capstone2526/cmdr_ws/src/carleton-mail-delivery-robot/install/mail-delivery-robot/share/colcon-core/packages/mail-delivery-robot)
[5.645s] DEBUG:colcon.colcon_parallel_executor.executor.parallel:closing loop
[5.647s] DEBUG:colcon.colcon_parallel_executor.executor.parallel:loop closed
[5.647s] DEBUG:colcon.colcon_parallel_executor.executor.parallel:run_until_complete finished with '0'
[5.647s] DEBUG:colcon.colcon_core.event_reactor:joining thread
[5.668s] INFO:colcon.colcon_core.plugin_system:Skipping extension 'colcon_notification.desktop_notification.notify_send': Could not find 'notify-send'
[5.669s] INFO:colcon.colcon_core.plugin_system:Skipping extension 'colcon_notification.desktop_notification.terminal_notifier': Not used on non-Darwin systems
[5.669s] INFO:colcon.colcon_core.plugin_system:Skipping extension 'colcon_notification.desktop_notification.win32': Not used on non-Windows systems
[5.669s] INFO:colcon.colcon_notification.desktop_notification:Sending desktop notification using 'notify2'
[5.672s] DEBUG:colcon.colcon_notification.desktop_notification.notify2:Failed to initialize notify2: org.freedesktop.DBus.Error.ServiceUnknown: The name org.freedesktop.Notifications was not provided by any .service files
[5.673s] DEBUG:colcon.colcon_core.event_reactor:joined thread
[5.674s] INFO:colcon.colcon_core.shell:Creating prefix script '/home/capstone2526/cmdr_ws/src/carleton-mail-delivery-robot/install/local_setup.ps1'
[5.678s] INFO:colcon.colcon_core.shell:Creating prefix util module '/home/capstone2526/cmdr_ws/src/carleton-mail-delivery-robot/install/_local_setup_util_ps1.py'
[5.686s] INFO:colcon.colcon_core.shell:Creating prefix chain script '/home/capstone2526/cmdr_ws/src/carleton-mail-delivery-robot/install/setup.ps1'
[5.695s] INFO:colcon.colcon_core.shell:Creating prefix script '/home/capstone2526/cmdr_ws/src/carleton-mail-delivery-robot/install/local_setup.sh'
[5.697s] INFO:colcon.colcon_core.shell:Creating prefix util module '/home/capstone2526/cmdr_ws/src/carleton-mail-delivery-robot/install/_local_setup_util_sh.py'
[5.700s] INFO:colcon.colcon_core.shell:Creating prefix chain script '/home/capstone2526/cmdr_ws/src/carleton-mail-delivery-robot/install/setup.sh'
[5.704s] INFO:colcon.colcon_core.shell:Creating prefix script '/home/capstone2526/cmdr_ws/src/carleton-mail-delivery-robot/install/local_setup.bash'
[5.706s] INFO:colcon.colcon_core.shell:Creating prefix chain script '/home/capstone2526/cmdr_ws/src/carleton-mail-delivery-robot/install/setup.bash'
[5.709s] INFO:colcon.colcon_core.shell:Creating prefix script '/home/capstone2526/cmdr_ws/src/carleton-mail-delivery-robot/install/local_setup.zsh'
[5.712s] INFO:colcon.colcon_core.shell:Creating prefix chain script '/home/capstone2526/cmdr_ws/src/carleton-mail-delivery-robot/install/setup.zsh'
