[0.523s] DEBUG:colcon:Command line arguments: ['/usr/bin/colcon', 'build', '--packages-select', 'mail-delivery-robot']
[0.523s] DEBUG:colcon:Parsed command line arguments: Namespace(log_base=None, log_level=None, verb_name='build', build_base='build', install_base='install', merge_install=False, symlink_install=False, test_result_base=None, continue_on_error=False, executor='parallel', parallel_workers=4, event_handlers=None, ignore_user_meta=False, metas=['./colcon.meta'], base_paths=['.'], packages_ignore=None, packages_ignore_regex=None, paths=None, packages_up_to=None, packages_up_to_regex=None, packages_above=None, packages_above_and_dependencies=None, packages_above_depth=None, packages_select_by_dep=None, packages_skip_by_dep=None, packages_skip_up_to=None, packages_select_build_failed=False, packages_skip_build_finished=False, packages_select_test_failures=False, packages_skip_test_passed=False, packages_select=['mail-delivery-robot'], packages_skip=None, packages_select_regex=None, packages_skip_regex=None, packages_start=None, packages_end=None, allow_overriding=[], cmake_args=None, cmake_target=None, cmake_target_skip_unavailable=False, cmake_clean_cache=False, cmake_clean_first=False, cmake_force_configure=False, ament_cmake_args=None, catkin_cmake_args=None, catkin_skip_building_tests=False, mixin_files=None, mixin=None, verb_parser=<colcon_mixin.mixin.mixin_argument.MixinArgumentDecorator object at 0xffffa498e020>, verb_extension=<colcon_core.verb.build.BuildVerb object at 0xffffa4b36fb0>, main=<bound method BuildVerb.main of <colcon_core.verb.build.BuildVerb object at 0xffffa4b36fb0>>, mixin_verb=('build',))
[1.468s] Level 1:colcon.colcon_core.package_discovery:discover_packages(colcon_meta) check parameters
[1.469s] Level 1:colcon.colcon_core.package_discovery:discover_packages(recursive) check parameters
[1.469s] Level 1:colcon.colcon_core.package_discovery:discover_packages(ignore) check parameters
[1.469s] Level 1:colcon.colcon_core.package_discovery:discover_packages(path) check parameters
[1.469s] Level 1:colcon.colcon_core.package_discovery:discover_packages(colcon_meta) discover
[1.470s] Level 1:colcon.colcon_core.package_discovery:discover_packages(recursive) discover
[1.470s] INFO:colcon.colcon_core.package_discovery:Crawling recursively for packages in '/home/capstone2526/cmdr_ws/src/carleton-mail-delivery-robot'
[1.470s] Level 1:colcon.colcon_core.package_identification:_identify(.) by extensions ['ignore', 'ignore_ament_install']
[1.471s] Level 1:colcon.colcon_core.package_identification:_identify(.) by extension 'ignore'
[1.471s] Level 1:colcon.colcon_core.package_identification:_identify(.) by extension 'ignore_ament_install'
[1.471s] Level 1:colcon.colcon_core.package_identification:_identify(.) by extensions ['colcon_pkg']
[1.471s] Level 1:colcon.colcon_core.package_identification:_identify(.) by extension 'colcon_pkg'
[1.471s] Level 1:colcon.colcon_core.package_identification:_identify(.) by extensions ['colcon_meta']
[1.472s] Level 1:colcon.colcon_core.package_identification:_identify(.) by extension 'colcon_meta'
[1.472s] Level 1:colcon.colcon_core.package_identification:_identify(.) by extensions ['ros']
[1.472s] Level 1:colcon.colcon_core.package_identification:_identify(.) by extension 'ros'
[1.521s] Level 1:colcon.colcon_core.package_identification:_identify(.) by extensions ['cmake', 'python']
[1.521s] Level 1:colcon.colcon_core.package_identification:_identify(.) by extension 'cmake'
[1.522s] Level 1:colcon.colcon_core.package_identification:_identify(.) by extension 'python'
[1.522s] Level 1:colcon.colcon_core.package_identification:_identify(.) by extensions ['python_setup_py']
[1.522s] Level 1:colcon.colcon_core.package_identification:_identify(.) by extension 'python_setup_py'
[1.523s] Level 1:colcon.colcon_core.package_identification:_identify(build) by extensions ['ignore', 'ignore_ament_install']
[1.523s] Level 1:colcon.colcon_core.package_identification:_identify(build) by extension 'ignore'
[1.523s] Level 1:colcon.colcon_core.package_identification:_identify(build) ignored
[1.524s] Level 1:colcon.colcon_core.package_identification:_identify(documents) by extensions ['ignore', 'ignore_ament_install']
[1.524s] Level 1:colcon.colcon_core.package_identification:_identify(documents) by extension 'ignore'
[1.524s] Level 1:colcon.colcon_core.package_identification:_identify(documents) by extension 'ignore_ament_install'
[1.525s] Level 1:colcon.colcon_core.package_identification:_identify(documents) by extensions ['colcon_pkg']
[1.525s] Level 1:colcon.colcon_core.package_identification:_identify(documents) by extension 'colcon_pkg'
[1.525s] Level 1:colcon.colcon_core.package_identification:_identify(documents) by extensions ['colcon_meta']
[1.525s] Level 1:colcon.colcon_core.package_identification:_identify(documents) by extension 'colcon_meta'
[1.525s] Level 1:colcon.colcon_core.package_identification:_identify(documents) by extensions ['ros']
[1.525s] Level 1:colcon.colcon_core.package_identification:_identify(documents) by extension 'ros'
[1.526s] Level 1:colcon.colcon_core.package_identification:_identify(documents) by extensions ['cmake', 'python']
[1.526s] Level 1:colcon.colcon_core.package_identification:_identify(documents) by extension 'cmake'
[1.526s] Level 1:colcon.colcon_core.package_identification:_identify(documents) by extension 'python'
[1.526s] Level 1:colcon.colcon_core.package_identification:_identify(documents) by extensions ['python_setup_py']
[1.526s] Level 1:colcon.colcon_core.package_identification:_identify(documents) by extension 'python_setup_py'
[1.527s] Level 1:colcon.colcon_core.package_identification:_identify(install) by extensions ['ignore', 'ignore_ament_install']
[1.527s] Level 1:colcon.colcon_core.package_identification:_identify(install) by extension 'ignore'
[1.528s] Level 1:colcon.colcon_core.package_identification:_identify(install) ignored
[1.528s] Level 1:colcon.colcon_core.package_identification:_identify(log) by extensions ['ignore', 'ignore_ament_install']
[1.528s] Level 1:colcon.colcon_core.package_identification:_identify(log) by extension 'ignore'
[1.528s] Level 1:colcon.colcon_core.package_identification:_identify(log) ignored
[1.529s] Level 1:colcon.colcon_core.package_identification:_identify(mail-delivery-robot) by extensions ['ignore', 'ignore_ament_install']
[1.529s] Level 1:colcon.colcon_core.package_identification:_identify(mail-delivery-robot) by extension 'ignore'
[1.530s] Level 1:colcon.colcon_core.package_identification:_identify(mail-delivery-robot) by extension 'ignore_ament_install'
[1.530s] Level 1:colcon.colcon_core.package_identification:_identify(mail-delivery-robot) by extensions ['colcon_pkg']
[1.530s] Level 1:colcon.colcon_core.package_identification:_identify(mail-delivery-robot) by extension 'colcon_pkg'
[1.530s] Level 1:colcon.colcon_core.package_identification:_identify(mail-delivery-robot) by extensions ['colcon_meta']
[1.530s] Level 1:colcon.colcon_core.package_identification:_identify(mail-delivery-robot) by extension 'colcon_meta'
[1.530s] Level 1:colcon.colcon_core.package_identification:_identify(mail-delivery-robot) by extensions ['ros']
[1.531s] Level 1:colcon.colcon_core.package_identification:_identify(mail-delivery-robot) by extension 'ros'
[1.540s] DEBUG:colcon.colcon_core.package_identification:Package 'mail-delivery-robot' with type 'ros.ament_python' and name 'mail-delivery-robot'
[1.540s] Level 1:colcon.colcon_core.package_identification:_identify(webapp) by extensions ['ignore', 'ignore_ament_install']
[1.541s] Level 1:colcon.colcon_core.package_identification:_identify(webapp) by extension 'ignore'
[1.542s] Level 1:colcon.colcon_core.package_identification:_identify(webapp) by extension 'ignore_ament_install'
[1.542s] Level 1:colcon.colcon_core.package_identification:_identify(webapp) by extensions ['colcon_pkg']
[1.542s] Level 1:colcon.colcon_core.package_identification:_identify(webapp) by extension 'colcon_pkg'
[1.542s] Level 1:colcon.colcon_core.package_identification:_identify(webapp) by extensions ['colcon_meta']
[1.542s] Level 1:colcon.colcon_core.package_identification:_identify(webapp) by extension 'colcon_meta'
[1.543s] Level 1:colcon.colcon_core.package_identification:_identify(webapp) by extensions ['ros']
[1.543s] Level 1:colcon.colcon_core.package_identification:_identify(webapp) by extension 'ros'
[1.543s] Level 1:colcon.colcon_core.package_identification:_identify(webapp) by extensions ['cmake', 'python']
[1.543s] Level 1:colcon.colcon_core.package_identification:_identify(webapp) by extension 'cmake'
[1.544s] Level 1:colcon.colcon_core.package_identification:_identify(webapp) by extension 'python'
[1.544s] Level 1:colcon.colcon_core.package_identification:_identify(webapp) by extensions ['python_setup_py']
[1.544s] Level 1:colcon.colcon_core.package_identification:_identify(webapp) by extension 'python_setup_py'
[1.544s] Level 1:colcon.colcon_core.package_identification:_identify(webapp/src) by extensions ['ignore', 'ignore_ament_install']
[1.545s] Level 1:colcon.colcon_core.package_identification:_identify(webapp/src) by extension 'ignore'
[1.545s] Level 1:colcon.colcon_core.package_identification:_identify(webapp/src) by extension 'ignore_ament_install'
[1.545s] Level 1:colcon.colcon_core.package_identification:_identify(webapp/src) by extensions ['colcon_pkg']
[1.545s] Level 1:colcon.colcon_core.package_identification:_identify(webapp/src) by extension 'colcon_pkg'
[1.546s] Level 1:colcon.colcon_core.package_identification:_identify(webapp/src) by extensions ['colcon_meta']
[1.546s] Level 1:colcon.colcon_core.package_identification:_identify(webapp/src) by extension 'colcon_meta'
[1.546s] Level 1:colcon.colcon_core.package_identification:_identify(webapp/src) by extensions ['ros']
[1.546s] Level 1:colcon.colcon_core.package_identification:_identify(webapp/src) by extension 'ros'
[1.547s] Level 1:colcon.colcon_core.package_identification:_identify(webapp/src) by extensions ['cmake', 'python']
[1.547s] Level 1:colcon.colcon_core.package_identification:_identify(webapp/src) by extension 'cmake'
[1.547s] Level 1:colcon.colcon_core.package_identification:_identify(webapp/src) by extension 'python'
[1.547s] Level 1:colcon.colcon_core.package_identification:_identify(webapp/src) by extensions ['python_setup_py']
[1.547s] Level 1:colcon.colcon_core.package_identification:_identify(webapp/src) by extension 'python_setup_py'
[1.548s] Level 1:colcon.colcon_core.package_identification:_identify(webapp/src/main) by extensions ['ignore', 'ignore_ament_install']
[1.548s] Level 1:colcon.colcon_core.package_identification:_identify(webapp/src/main) by extension 'ignore'
[1.548s] Level 1:colcon.colcon_core.package_identification:_identify(webapp/src/main) by extension 'ignore_ament_install'
[1.548s] Level 1:colcon.colcon_core.package_identification:_identify(webapp/src/main) by extensions ['colcon_pkg']
[1.549s] Level 1:colcon.colcon_core.package_identification:_identify(webapp/src/main) by extension 'colcon_pkg'
[1.549s] Level 1:colcon.colcon_core.package_identification:_identify(webapp/src/main) by extensions ['colcon_meta']
[1.549s] Level 1:colcon.colcon_core.package_identification:_identify(webapp/src/main) by extension 'colcon_meta'
[1.549s] Level 1:colcon.colcon_core.package_identification:_identify(webapp/src/main) by extensions ['ros']
[1.549s] Level 1:colcon.colcon_core.package_identification:_identify(webapp/src/main) by extension 'ros'
[1.550s] Level 1:colcon.colcon_core.package_identification:_identify(webapp/src/main) by extensions ['cmake', 'python']
[1.550s] Level 1:colcon.colcon_core.package_identification:_identify(webapp/src/main) by extension 'cmake'
[1.550s] Level 1:colcon.colcon_core.package_identification:_identify(webapp/src/main) by extension 'python'
[1.550s] Level 1:colcon.colcon_core.package_identification:_identify(webapp/src/main) by extensions ['python_setup_py']
[1.550s] Level 1:colcon.colcon_core.package_identification:_identify(webapp/src/main) by extension 'python_setup_py'
[1.551s] Level 1:colcon.colcon_core.package_identification:_identify(webapp/src/main/java) by extensions ['ignore', 'ignore_ament_install']
[1.551s] Level 1:colcon.colcon_core.package_identification:_identify(webapp/src/main/java) by extension 'ignore'
[1.551s] Level 1:colcon.colcon_core.package_identification:_identify(webapp/src/main/java) by extension 'ignore_ament_install'
[1.552s] Level 1:colcon.colcon_core.package_identification:_identify(webapp/src/main/java) by extensions ['colcon_pkg']
[1.552s] Level 1:colcon.colcon_core.package_identification:_identify(webapp/src/main/java) by extension 'colcon_pkg'
[1.552s] Level 1:colcon.colcon_core.package_identification:_identify(webapp/src/main/java) by extensions ['colcon_meta']
[1.552s] Level 1:colcon.colcon_core.package_identification:_identify(webapp/src/main/java) by extension 'colcon_meta'
[1.553s] Level 1:colcon.colcon_core.package_identification:_identify(webapp/src/main/java) by extensions ['ros']
[1.553s] Level 1:colcon.colcon_core.package_identification:_identify(webapp/src/main/java) by extension 'ros'
[1.553s] Level 1:colcon.colcon_core.package_identification:_identify(webapp/src/main/java) by extensions ['cmake', 'python']
[1.554s] Level 1:colcon.colcon_core.package_identification:_identify(webapp/src/main/java) by extension 'cmake'
[1.554s] Level 1:colcon.colcon_core.package_identification:_identify(webapp/src/main/java) by extension 'python'
[1.554s] Level 1:colcon.colcon_core.package_identification:_identify(webapp/src/main/java) by extensions ['python_setup_py']
[1.554s] Level 1:colcon.colcon_core.package_identification:_identify(webapp/src/main/java) by extension 'python_setup_py'
[1.555s] Level 1:colcon.colcon_core.package_identification:_identify(webapp/src/main/java/com) by extensions ['ignore', 'ignore_ament_install']
[1.555s] Level 1:colcon.colcon_core.package_identification:_identify(webapp/src/main/java/com) by extension 'ignore'
[1.555s] Level 1:colcon.colcon_core.package_identification:_identify(webapp/src/main/java/com) by extension 'ignore_ament_install'
[1.555s] Level 1:colcon.colcon_core.package_identification:_identify(webapp/src/main/java/com) by extensions ['colcon_pkg']
[1.556s] Level 1:colcon.colcon_core.package_identification:_identify(webapp/src/main/java/com) by extension 'colcon_pkg'
[1.556s] Level 1:colcon.colcon_core.package_identification:_identify(webapp/src/main/java/com) by extensions ['colcon_meta']
[1.556s] Level 1:colcon.colcon_core.package_identification:_identify(webapp/src/main/java/com) by extension 'colcon_meta'
[1.556s] Level 1:colcon.colcon_core.package_identification:_identify(webapp/src/main/java/com) by extensions ['ros']
[1.556s] Level 1:colcon.colcon_core.package_identification:_identify(webapp/src/main/java/com) by extension 'ros'
[1.557s] Level 1:colcon.colcon_core.package_identification:_identify(webapp/src/main/java/com) by extensions ['cmake', 'python']
[1.557s] Level 1:colcon.colcon_core.package_identification:_identify(webapp/src/main/java/com) by extension 'cmake'
[1.557s] Level 1:colcon.colcon_core.package_identification:_identify(webapp/src/main/java/com) by extension 'python'
[1.557s] Level 1:colcon.colcon_core.package_identification:_identify(webapp/src/main/java/com) by extensions ['python_setup_py']
[1.557s] Level 1:colcon.colcon_core.package_identification:_identify(webapp/src/main/java/com) by extension 'python_setup_py'
[1.558s] Level 1:colcon.colcon_core.package_identification:_identify(webapp/src/main/java/com/cmds) by extensions ['ignore', 'ignore_ament_install']
[1.558s] Level 1:colcon.colcon_core.package_identification:_identify(webapp/src/main/java/com/cmds) by extension 'ignore'
[1.559s] Level 1:colcon.colcon_core.package_identification:_identify(webapp/src/main/java/com/cmds) by extension 'ignore_ament_install'
[1.559s] Level 1:colcon.colcon_core.package_identification:_identify(webapp/src/main/java/com/cmds) by extensions ['colcon_pkg']
[1.559s] Level 1:colcon.colcon_core.package_identification:_identify(webapp/src/main/java/com/cmds) by extension 'colcon_pkg'
[1.559s] Level 1:colcon.colcon_core.package_identification:_identify(webapp/src/main/java/com/cmds) by extensions ['colcon_meta']
[1.559s] Level 1:colcon.colcon_core.package_identification:_identify(webapp/src/main/java/com/cmds) by extension 'colcon_meta'
[1.560s] Level 1:colcon.colcon_core.package_identification:_identify(webapp/src/main/java/com/cmds) by extensions ['ros']
[1.560s] Level 1:colcon.colcon_core.package_identification:_identify(webapp/src/main/java/com/cmds) by extension 'ros'
[1.560s] Level 1:colcon.colcon_core.package_identification:_identify(webapp/src/main/java/com/cmds) by extensions ['cmake', 'python']
[1.560s] Level 1:colcon.colcon_core.package_identification:_identify(webapp/src/main/java/com/cmds) by extension 'cmake'
[1.561s] Level 1:colcon.colcon_core.package_identification:_identify(webapp/src/main/java/com/cmds) by extension 'python'
[1.561s] Level 1:colcon.colcon_core.package_identification:_identify(webapp/src/main/java/com/cmds) by extensions ['python_setup_py']
[1.561s] Level 1:colcon.colcon_core.package_identification:_identify(webapp/src/main/java/com/cmds) by extension 'python_setup_py'
[1.562s] Level 1:colcon.colcon_core.package_identification:_identify(webapp/src/main/java/com/cmds/webapp) by extensions ['ignore', 'ignore_ament_install']
[1.562s] Level 1:colcon.colcon_core.package_identification:_identify(webapp/src/main/java/com/cmds/webapp) by extension 'ignore'
[1.562s] Level 1:colcon.colcon_core.package_identification:_identify(webapp/src/main/java/com/cmds/webapp) by extension 'ignore_ament_install'
[1.562s] Level 1:colcon.colcon_core.package_identification:_identify(webapp/src/main/java/com/cmds/webapp) by extensions ['colcon_pkg']
[1.562s] Level 1:colcon.colcon_core.package_identification:_identify(webapp/src/main/java/com/cmds/webapp) by extension 'colcon_pkg'
[1.563s] Level 1:colcon.colcon_core.package_identification:_identify(webapp/src/main/java/com/cmds/webapp) by extensions ['colcon_meta']
[1.563s] Level 1:colcon.colcon_core.package_identification:_identify(webapp/src/main/java/com/cmds/webapp) by extension 'colcon_meta'
[1.563s] Level 1:colcon.colcon_core.package_identification:_identify(webapp/src/main/java/com/cmds/webapp) by extensions ['ros']
[1.563s] Level 1:colcon.colcon_core.package_identification:_identify(webapp/src/main/java/com/cmds/webapp) by extension 'ros'
[1.564s] Level 1:colcon.colcon_core.package_identification:_identify(webapp/src/main/java/com/cmds/webapp) by extensions ['cmake', 'python']
[1.564s] Level 1:colcon.colcon_core.package_identification:_identify(webapp/src/main/java/com/cmds/webapp) by extension 'cmake'
[1.564s] Level 1:colcon.colcon_core.package_identification:_identify(webapp/src/main/java/com/cmds/webapp) by extension 'python'
[1.564s] Level 1:colcon.colcon_core.package_identification:_identify(webapp/src/main/java/com/cmds/webapp) by extensions ['python_setup_py']
[1.564s] Level 1:colcon.colcon_core.package_identification:_identify(webapp/src/main/java/com/cmds/webapp) by extension 'python_setup_py'
[1.565s] Level 1:colcon.colcon_core.package_identification:_identify(webapp/src/main/java/com/cmds/webapp/aspect) by extensions ['ignore', 'ignore_ament_install']
[1.565s] Level 1:colcon.colcon_core.package_identification:_identify(webapp/src/main/java/com/cmds/webapp/aspect) by extension 'ignore'
[1.566s] Level 1:colcon.colcon_core.package_identification:_identify(webapp/src/main/java/com/cmds/webapp/aspect) by extension 'ignore_ament_install'
[1.566s] Level 1:colcon.colcon_core.package_identification:_identify(webapp/src/main/java/com/cmds/webapp/aspect) by extensions ['colcon_pkg']
[1.566s] Level 1:colcon.colcon_core.package_identification:_identify(webapp/src/main/java/com/cmds/webapp/aspect) by extension 'colcon_pkg'
[1.566s] Level 1:colcon.colcon_core.package_identification:_identify(webapp/src/main/java/com/cmds/webapp/aspect) by extensions ['colcon_meta']
[1.566s] Level 1:colcon.colcon_core.package_identification:_identify(webapp/src/main/java/com/cmds/webapp/aspect) by extension 'colcon_meta'
[1.567s] Level 1:colcon.colcon_core.package_identification:_identify(webapp/src/main/java/com/cmds/webapp/aspect) by extensions ['ros']
[1.567s] Level 1:colcon.colcon_core.package_identification:_identify(webapp/src/main/java/com/cmds/webapp/aspect) by extension 'ros'
[1.567s] Level 1:colcon.colcon_core.package_identification:_identify(webapp/src/main/java/com/cmds/webapp/aspect) by extensions ['cmake', 'python']
[1.567s] Level 1:colcon.colcon_core.package_identification:_identify(webapp/src/main/java/com/cmds/webapp/aspect) by extension 'cmake'
[1.568s] Level 1:colcon.colcon_core.package_identification:_identify(webapp/src/main/java/com/cmds/webapp/aspect) by extension 'python'
[1.568s] Level 1:colcon.colcon_core.package_identification:_identify(webapp/src/main/java/com/cmds/webapp/aspect) by extensions ['python_setup_py']
[1.568s] Level 1:colcon.colcon_core.package_identification:_identify(webapp/src/main/java/com/cmds/webapp/aspect) by extension 'python_setup_py'
[1.569s] Level 1:colcon.colcon_core.package_identification:_identify(webapp/src/main/java/com/cmds/webapp/controllers) by extensions ['ignore', 'ignore_ament_install']
[1.569s] Level 1:colcon.colcon_core.package_identification:_identify(webapp/src/main/java/com/cmds/webapp/controllers) by extension 'ignore'
[1.569s] Level 1:colcon.colcon_core.package_identification:_identify(webapp/src/main/java/com/cmds/webapp/controllers) by extension 'ignore_ament_install'
[1.569s] Level 1:colcon.colcon_core.package_identification:_identify(webapp/src/main/java/com/cmds/webapp/controllers) by extensions ['colcon_pkg']
[1.570s] Level 1:colcon.colcon_core.package_identification:_identify(webapp/src/main/java/com/cmds/webapp/controllers) by extension 'colcon_pkg'
[1.570s] Level 1:colcon.colcon_core.package_identification:_identify(webapp/src/main/java/com/cmds/webapp/controllers) by extensions ['colcon_meta']
[1.570s] Level 1:colcon.colcon_core.package_identification:_identify(webapp/src/main/java/com/cmds/webapp/controllers) by extension 'colcon_meta'
[1.570s] Level 1:colcon.colcon_core.package_identification:_identify(webapp/src/main/java/com/cmds/webapp/controllers) by extensions ['ros']
[1.570s] Level 1:colcon.colcon_core.package_identification:_identify(webapp/src/main/java/com/cmds/webapp/controllers) by extension 'ros'
[1.571s] Level 1:colcon.colcon_core.package_identification:_identify(webapp/src/main/java/com/cmds/webapp/controllers) by extensions ['cmake', 'python']
[1.571s] Level 1:colcon.colcon_core.package_identification:_identify(webapp/src/main/java/com/cmds/webapp/controllers) by extension 'cmake'
[1.571s] Level 1:colcon.colcon_core.package_identification:_identify(webapp/src/main/java/com/cmds/webapp/controllers) by extension 'python'
[1.571s] Level 1:colcon.colcon_core.package_identification:_identify(webapp/src/main/java/com/cmds/webapp/controllers) by extensions ['python_setup_py']
[1.571s] Level 1:colcon.colcon_core.package_identification:_identify(webapp/src/main/java/com/cmds/webapp/controllers) by extension 'python_setup_py'
[1.572s] Level 1:colcon.colcon_core.package_identification:_identify(webapp/src/main/java/com/cmds/webapp/models) by extensions ['ignore', 'ignore_ament_install']
[1.573s] Level 1:colcon.colcon_core.package_identification:_identify(webapp/src/main/java/com/cmds/webapp/models) by extension 'ignore'
[1.573s] Level 1:colcon.colcon_core.package_identification:_identify(webapp/src/main/java/com/cmds/webapp/models) by extension 'ignore_ament_install'
[1.573s] Level 1:colcon.colcon_core.package_identification:_identify(webapp/src/main/java/com/cmds/webapp/models) by extensions ['colcon_pkg']
[1.573s] Level 1:colcon.colcon_core.package_identification:_identify(webapp/src/main/java/com/cmds/webapp/models) by extension 'colcon_pkg'
[1.573s] Level 1:colcon.colcon_core.package_identification:_identify(webapp/src/main/java/com/cmds/webapp/models) by extensions ['colcon_meta']
[1.573s] Level 1:colcon.colcon_core.package_identification:_identify(webapp/src/main/java/com/cmds/webapp/models) by extension 'colcon_meta'
[1.574s] Level 1:colcon.colcon_core.package_identification:_identify(webapp/src/main/java/com/cmds/webapp/models) by extensions ['ros']
[1.574s] Level 1:colcon.colcon_core.package_identification:_identify(webapp/src/main/java/com/cmds/webapp/models) by extension 'ros'
[1.574s] Level 1:colcon.colcon_core.package_identification:_identify(webapp/src/main/java/com/cmds/webapp/models) by extensions ['cmake', 'python']
[1.575s] Level 1:colcon.colcon_core.package_identification:_identify(webapp/src/main/java/com/cmds/webapp/models) by extension 'cmake'
[1.575s] Level 1:colcon.colcon_core.package_identification:_identify(webapp/src/main/java/com/cmds/webapp/models) by extension 'python'
[1.575s] Level 1:colcon.colcon_core.package_identification:_identify(webapp/src/main/java/com/cmds/webapp/models) by extensions ['python_setup_py']
[1.575s] Level 1:colcon.colcon_core.package_identification:_identify(webapp/src/main/java/com/cmds/webapp/models) by extension 'python_setup_py'
[1.576s] Level 1:colcon.colcon_core.package_identification:_identify(webapp/src/main/java/com/cmds/webapp/repos) by extensions ['ignore', 'ignore_ament_install']
[1.576s] Level 1:colcon.colcon_core.package_identification:_identify(webapp/src/main/java/com/cmds/webapp/repos) by extension 'ignore'
[1.576s] Level 1:colcon.colcon_core.package_identification:_identify(webapp/src/main/java/com/cmds/webapp/repos) by extension 'ignore_ament_install'
[1.577s] Level 1:colcon.colcon_core.package_identification:_identify(webapp/src/main/java/com/cmds/webapp/repos) by extensions ['colcon_pkg']
[1.577s] Level 1:colcon.colcon_core.package_identification:_identify(webapp/src/main/java/com/cmds/webapp/repos) by extension 'colcon_pkg'
[1.577s] Level 1:colcon.colcon_core.package_identification:_identify(webapp/src/main/java/com/cmds/webapp/repos) by extensions ['colcon_meta']
[1.577s] Level 1:colcon.colcon_core.package_identification:_identify(webapp/src/main/java/com/cmds/webapp/repos) by extension 'colcon_meta'
[1.578s] Level 1:colcon.colcon_core.package_identification:_identify(webapp/src/main/java/com/cmds/webapp/repos) by extensions ['ros']
[1.578s] Level 1:colcon.colcon_core.package_identification:_identify(webapp/src/main/java/com/cmds/webapp/repos) by extension 'ros'
[1.578s] Level 1:colcon.colcon_core.package_identification:_identify(webapp/src/main/java/com/cmds/webapp/repos) by extensions ['cmake', 'python']
[1.578s] Level 1:colcon.colcon_core.package_identification:_identify(webapp/src/main/java/com/cmds/webapp/repos) by extension 'cmake'
[1.578s] Level 1:colcon.colcon_core.package_identification:_identify(webapp/src/main/java/com/cmds/webapp/repos) by extension 'python'
[1.579s] Level 1:colcon.colcon_core.package_identification:_identify(webapp/src/main/java/com/cmds/webapp/repos) by extensions ['python_setup_py']
[1.579s] Level 1:colcon.colcon_core.package_identification:_identify(webapp/src/main/java/com/cmds/webapp/repos) by extension 'python_setup_py'
[1.579s] Level 1:colcon.colcon_core.package_identification:_identify(webapp/src/main/resources) by extensions ['ignore', 'ignore_ament_install']
[1.580s] Level 1:colcon.colcon_core.package_identification:_identify(webapp/src/main/resources) by extension 'ignore'
[1.580s] Level 1:colcon.colcon_core.package_identification:_identify(webapp/src/main/resources) by extension 'ignore_ament_install'
[1.580s] Level 1:colcon.colcon_core.package_identification:_identify(webapp/src/main/resources) by extensions ['colcon_pkg']
[1.580s] Level 1:colcon.colcon_core.package_identification:_identify(webapp/src/main/resources) by extension 'colcon_pkg'
[1.581s] Level 1:colcon.colcon_core.package_identification:_identify(webapp/src/main/resources) by extensions ['colcon_meta']
[1.581s] Level 1:colcon.colcon_core.package_identification:_identify(webapp/src/main/resources) by extension 'colcon_meta'
[1.581s] Level 1:colcon.colcon_core.package_identification:_identify(webapp/src/main/resources) by extensions ['ros']
[1.581s] Level 1:colcon.colcon_core.package_identification:_identify(webapp/src/main/resources) by extension 'ros'
[1.582s] Level 1:colcon.colcon_core.package_identification:_identify(webapp/src/main/resources) by extensions ['cmake', 'python']
[1.582s] Level 1:colcon.colcon_core.package_identification:_identify(webapp/src/main/resources) by extension 'cmake'
[1.582s] Level 1:colcon.colcon_core.package_identification:_identify(webapp/src/main/resources) by extension 'python'
[1.582s] Level 1:colcon.colcon_core.package_identification:_identify(webapp/src/main/resources) by extensions ['python_setup_py']
[1.582s] Level 1:colcon.colcon_core.package_identification:_identify(webapp/src/main/resources) by extension 'python_setup_py'
[1.583s] Level 1:colcon.colcon_core.package_identification:_identify(webapp/src/main/resources/static) by extensions ['ignore', 'ignore_ament_install']
[1.583s] Level 1:colcon.colcon_core.package_identification:_identify(webapp/src/main/resources/static) by extension 'ignore'
[1.583s] Level 1:colcon.colcon_core.package_identification:_identify(webapp/src/main/resources/static) by extension 'ignore_ament_install'
[1.584s] Level 1:colcon.colcon_core.package_identification:_identify(webapp/src/main/resources/static) by extensions ['colcon_pkg']
[1.584s] Level 1:colcon.colcon_core.package_identification:_identify(webapp/src/main/resources/static) by extension 'colcon_pkg'
[1.584s] Level 1:colcon.colcon_core.package_identification:_identify(webapp/src/main/resources/static) by extensions ['colcon_meta']
[1.584s] Level 1:colcon.colcon_core.package_identification:_identify(webapp/src/main/resources/static) by extension 'colcon_meta'
[1.584s] Level 1:colcon.colcon_core.package_identification:_identify(webapp/src/main/resources/static) by extensions ['ros']
[1.585s] Level 1:colcon.colcon_core.package_identification:_identify(webapp/src/main/resources/static) by extension 'ros'
[1.585s] Level 1:colcon.colcon_core.package_identification:_identify(webapp/src/main/resources/static) by extensions ['cmake', 'python']
[1.585s] Level 1:colcon.colcon_core.package_identification:_identify(webapp/src/main/resources/static) by extension 'cmake'
[1.585s] Level 1:colcon.colcon_core.package_identification:_identify(webapp/src/main/resources/static) by extension 'python'
[1.585s] Level 1:colcon.colcon_core.package_identification:_identify(webapp/src/main/resources/static) by extensions ['python_setup_py']
[1.586s] Level 1:colcon.colcon_core.package_identification:_identify(webapp/src/main/resources/static) by extension 'python_setup_py'
[1.586s] Level 1:colcon.colcon_core.package_identification:_identify(webapp/src/main/resources/static/static) by extensions ['ignore', 'ignore_ament_install']
[1.587s] Level 1:colcon.colcon_core.package_identification:_identify(webapp/src/main/resources/static/static) by extension 'ignore'
[1.587s] Level 1:colcon.colcon_core.package_identification:_identify(webapp/src/main/resources/static/static) by extension 'ignore_ament_install'
[1.587s] Level 1:colcon.colcon_core.package_identification:_identify(webapp/src/main/resources/static/static) by extensions ['colcon_pkg']
[1.587s] Level 1:colcon.colcon_core.package_identification:_identify(webapp/src/main/resources/static/static) by extension 'colcon_pkg'
[1.587s] Level 1:colcon.colcon_core.package_identification:_identify(webapp/src/main/resources/static/static) by extensions ['colcon_meta']
[1.587s] Level 1:colcon.colcon_core.package_identification:_identify(webapp/src/main/resources/static/static) by extension 'colcon_meta'
[1.588s] Level 1:colcon.colcon_core.package_identification:_identify(webapp/src/main/resources/static/static) by extensions ['ros']
[1.588s] Level 1:colcon.colcon_core.package_identification:_identify(webapp/src/main/resources/static/static) by extension 'ros'
[1.588s] Level 1:colcon.colcon_core.package_identification:_identify(webapp/src/main/resources/static/static) by extensions ['cmake', 'python']
[1.588s] Level 1:colcon.colcon_core.package_identification:_identify(webapp/src/main/resources/static/static) by extension 'cmake'
[1.589s] Level 1:colcon.colcon_core.package_identification:_identify(webapp/src/main/resources/static/static) by extension 'python'
[1.589s] Level 1:colcon.colcon_core.package_identification:_identify(webapp/src/main/resources/static/static) by extensions ['python_setup_py']
[1.589s] Level 1:colcon.colcon_core.package_identification:_identify(webapp/src/main/resources/static/static) by extension 'python_setup_py'
[1.590s] Level 1:colcon.colcon_core.package_identification:_identify(webapp/src/main/resources/static/static/css) by extensions ['ignore', 'ignore_ament_install']
[1.590s] Level 1:colcon.colcon_core.package_identification:_identify(webapp/src/main/resources/static/static/css) by extension 'ignore'
[1.590s] Level 1:colcon.colcon_core.package_identification:_identify(webapp/src/main/resources/static/static/css) by extension 'ignore_ament_install'
[1.591s] Level 1:colcon.colcon_core.package_identification:_identify(webapp/src/main/resources/static/static/css) by extensions ['colcon_pkg']
[1.591s] Level 1:colcon.colcon_core.package_identification:_identify(webapp/src/main/resources/static/static/css) by extension 'colcon_pkg'
[1.591s] Level 1:colcon.colcon_core.package_identification:_identify(webapp/src/main/resources/static/static/css) by extensions ['colcon_meta']
[1.591s] Level 1:colcon.colcon_core.package_identification:_identify(webapp/src/main/resources/static/static/css) by extension 'colcon_meta'
[1.591s] Level 1:colcon.colcon_core.package_identification:_identify(webapp/src/main/resources/static/static/css) by extensions ['ros']
[1.591s] Level 1:colcon.colcon_core.package_identification:_identify(webapp/src/main/resources/static/static/css) by extension 'ros'
[1.592s] Level 1:colcon.colcon_core.package_identification:_identify(webapp/src/main/resources/static/static/css) by extensions ['cmake', 'python']
[1.592s] Level 1:colcon.colcon_core.package_identification:_identify(webapp/src/main/resources/static/static/css) by extension 'cmake'
[1.592s] Level 1:colcon.colcon_core.package_identification:_identify(webapp/src/main/resources/static/static/css) by extension 'python'
[1.592s] Level 1:colcon.colcon_core.package_identification:_identify(webapp/src/main/resources/static/static/css) by extensions ['python_setup_py']
[1.592s] Level 1:colcon.colcon_core.package_identification:_identify(webapp/src/main/resources/static/static/css) by extension 'python_setup_py'
[1.593s] Level 1:colcon.colcon_core.package_identification:_identify(webapp/src/main/resources/static/static/images) by extensions ['ignore', 'ignore_ament_install']
[1.594s] Level 1:colcon.colcon_core.package_identification:_identify(webapp/src/main/resources/static/static/images) by extension 'ignore'
[1.594s] Level 1:colcon.colcon_core.package_identification:_identify(webapp/src/main/resources/static/static/images) by extension 'ignore_ament_install'
[1.594s] Level 1:colcon.colcon_core.package_identification:_identify(webapp/src/main/resources/static/static/images) by extensions ['colcon_pkg']
[1.594s] Level 1:colcon.colcon_core.package_identification:_identify(webapp/src/main/resources/static/static/images) by extension 'colcon_pkg'
[1.594s] Level 1:colcon.colcon_core.package_identification:_identify(webapp/src/main/resources/static/static/images) by extensions ['colcon_meta']
[1.594s] Level 1:colcon.colcon_core.package_identification:_identify(webapp/src/main/resources/static/static/images) by extension 'colcon_meta'
[1.595s] Level 1:colcon.colcon_core.package_identification:_identify(webapp/src/main/resources/static/static/images) by extensions ['ros']
[1.595s] Level 1:colcon.colcon_core.package_identification:_identify(webapp/src/main/resources/static/static/images) by extension 'ros'
[1.595s] Level 1:colcon.colcon_core.package_identification:_identify(webapp/src/main/resources/static/static/images) by extensions ['cmake', 'python']
[1.596s] Level 1:colcon.colcon_core.package_identification:_identify(webapp/src/main/resources/static/static/images) by extension 'cmake'
[1.596s] Level 1:colcon.colcon_core.package_identification:_identify(webapp/src/main/resources/static/static/images) by extension 'python'
[1.596s] Level 1:colcon.colcon_core.package_identification:_identify(webapp/src/main/resources/static/static/images) by extensions ['python_setup_py']
[1.596s] Level 1:colcon.colcon_core.package_identification:_identify(webapp/src/main/resources/static/static/images) by extension 'python_setup_py'
[1.597s] Level 1:colcon.colcon_core.package_identification:_identify(webapp/src/main/resources/static/static/scripts) by extensions ['ignore', 'ignore_ament_install']
[1.597s] Level 1:colcon.colcon_core.package_identification:_identify(webapp/src/main/resources/static/static/scripts) by extension 'ignore'
[1.597s] Level 1:colcon.colcon_core.package_identification:_identify(webapp/src/main/resources/static/static/scripts) by extension 'ignore_ament_install'
[1.598s] Level 1:colcon.colcon_core.package_identification:_identify(webapp/src/main/resources/static/static/scripts) by extensions ['colcon_pkg']
[1.598s] Level 1:colcon.colcon_core.package_identification:_identify(webapp/src/main/resources/static/static/scripts) by extension 'colcon_pkg'
[1.598s] Level 1:colcon.colcon_core.package_identification:_identify(webapp/src/main/resources/static/static/scripts) by extensions ['colcon_meta']
[1.598s] Level 1:colcon.colcon_core.package_identification:_identify(webapp/src/main/resources/static/static/scripts) by extension 'colcon_meta'
[1.598s] Level 1:colcon.colcon_core.package_identification:_identify(webapp/src/main/resources/static/static/scripts) by extensions ['ros']
[1.599s] Level 1:colcon.colcon_core.package_identification:_identify(webapp/src/main/resources/static/static/scripts) by extension 'ros'
[1.599s] Level 1:colcon.colcon_core.package_identification:_identify(webapp/src/main/resources/static/static/scripts) by extensions ['cmake', 'python']
[1.599s] Level 1:colcon.colcon_core.package_identification:_identify(webapp/src/main/resources/static/static/scripts) by extension 'cmake'
[1.599s] Level 1:colcon.colcon_core.package_identification:_identify(webapp/src/main/resources/static/static/scripts) by extension 'python'
[1.599s] Level 1:colcon.colcon_core.package_identification:_identify(webapp/src/main/resources/static/static/scripts) by extensions ['python_setup_py']
[1.600s] Level 1:colcon.colcon_core.package_identification:_identify(webapp/src/main/resources/static/static/scripts) by extension 'python_setup_py'
[1.600s] Level 1:colcon.colcon_core.package_identification:_identify(webapp/src/main/resources/templates) by extensions ['ignore', 'ignore_ament_install']
[1.601s] Level 1:colcon.colcon_core.package_identification:_identify(webapp/src/main/resources/templates) by extension 'ignore'
[1.601s] Level 1:colcon.colcon_core.package_identification:_identify(webapp/src/main/resources/templates) by extension 'ignore_ament_install'
[1.601s] Level 1:colcon.colcon_core.package_identification:_identify(webapp/src/main/resources/templates) by extensions ['colcon_pkg']
[1.601s] Level 1:colcon.colcon_core.package_identification:_identify(webapp/src/main/resources/templates) by extension 'colcon_pkg'
[1.601s] Level 1:colcon.colcon_core.package_identification:_identify(webapp/src/main/resources/templates) by extensions ['colcon_meta']
[1.602s] Level 1:colcon.colcon_core.package_identification:_identify(webapp/src/main/resources/templates) by extension 'colcon_meta'
[1.602s] Level 1:colcon.colcon_core.package_identification:_identify(webapp/src/main/resources/templates) by extensions ['ros']
[1.602s] Level 1:colcon.colcon_core.package_identification:_identify(webapp/src/main/resources/templates) by extension 'ros'
[1.602s] Level 1:colcon.colcon_core.package_identification:_identify(webapp/src/main/resources/templates) by extensions ['cmake', 'python']
[1.602s] Level 1:colcon.colcon_core.package_identification:_identify(webapp/src/main/resources/templates) by extension 'cmake'
[1.603s] Level 1:colcon.colcon_core.package_identification:_identify(webapp/src/main/resources/templates) by extension 'python'
[1.603s] Level 1:colcon.colcon_core.package_identification:_identify(webapp/src/main/resources/templates) by extensions ['python_setup_py']
[1.603s] Level 1:colcon.colcon_core.package_identification:_identify(webapp/src/main/resources/templates) by extension 'python_setup_py'
[1.603s] Level 1:colcon.colcon_core.package_identification:_identify(webapp/src/test) by extensions ['ignore', 'ignore_ament_install']
[1.604s] Level 1:colcon.colcon_core.package_identification:_identify(webapp/src/test) by extension 'ignore'
[1.604s] Level 1:colcon.colcon_core.package_identification:_identify(webapp/src/test) by extension 'ignore_ament_install'
[1.604s] Level 1:colcon.colcon_core.package_identification:_identify(webapp/src/test) by extensions ['colcon_pkg']
[1.604s] Level 1:colcon.colcon_core.package_identification:_identify(webapp/src/test) by extension 'colcon_pkg'
[1.605s] Level 1:colcon.colcon_core.package_identification:_identify(webapp/src/test) by extensions ['colcon_meta']
[1.605s] Level 1:colcon.colcon_core.package_identification:_identify(webapp/src/test) by extension 'colcon_meta'
[1.605s] Level 1:colcon.colcon_core.package_identification:_identify(webapp/src/test) by extensions ['ros']
[1.605s] Level 1:colcon.colcon_core.package_identification:_identify(webapp/src/test) by extension 'ros'
[1.606s] Level 1:colcon.colcon_core.package_identification:_identify(webapp/src/test) by extensions ['cmake', 'python']
[1.606s] Level 1:colcon.colcon_core.package_identification:_identify(webapp/src/test) by extension 'cmake'
[1.606s] Level 1:colcon.colcon_core.package_identification:_identify(webapp/src/test) by extension 'python'
[1.606s] Level 1:colcon.colcon_core.package_identification:_identify(webapp/src/test) by extensions ['python_setup_py']
[1.606s] Level 1:colcon.colcon_core.package_identification:_identify(webapp/src/test) by extension 'python_setup_py'
[1.607s] Level 1:colcon.colcon_core.package_identification:_identify(webapp/src/test/java) by extensions ['ignore', 'ignore_ament_install']
[1.607s] Level 1:colcon.colcon_core.package_identification:_identify(webapp/src/test/java) by extension 'ignore'
[1.607s] Level 1:colcon.colcon_core.package_identification:_identify(webapp/src/test/java) by extension 'ignore_ament_install'
[1.607s] Level 1:colcon.colcon_core.package_identification:_identify(webapp/src/test/java) by extensions ['colcon_pkg']
[1.608s] Level 1:colcon.colcon_core.package_identification:_identify(webapp/src/test/java) by extension 'colcon_pkg'
[1.608s] Level 1:colcon.colcon_core.package_identification:_identify(webapp/src/test/java) by extensions ['colcon_meta']
[1.608s] Level 1:colcon.colcon_core.package_identification:_identify(webapp/src/test/java) by extension 'colcon_meta'
[1.608s] Level 1:colcon.colcon_core.package_identification:_identify(webapp/src/test/java) by extensions ['ros']
[1.608s] Level 1:colcon.colcon_core.package_identification:_identify(webapp/src/test/java) by extension 'ros'
[1.609s] Level 1:colcon.colcon_core.package_identification:_identify(webapp/src/test/java) by extensions ['cmake', 'python']
[1.609s] Level 1:colcon.colcon_core.package_identification:_identify(webapp/src/test/java) by extension 'cmake'
[1.609s] Level 1:colcon.colcon_core.package_identification:_identify(webapp/src/test/java) by extension 'python'
[1.609s] Level 1:colcon.colcon_core.package_identification:_identify(webapp/src/test/java) by extensions ['python_setup_py']
[1.609s] Level 1:colcon.colcon_core.package_identification:_identify(webapp/src/test/java) by extension 'python_setup_py'
[1.610s] Level 1:colcon.colcon_core.package_identification:_identify(webapp/src/test/java/com) by extensions ['ignore', 'ignore_ament_install']
[1.610s] Level 1:colcon.colcon_core.package_identification:_identify(webapp/src/test/java/com) by extension 'ignore'
[1.610s] Level 1:colcon.colcon_core.package_identification:_identify(webapp/src/test/java/com) by extension 'ignore_ament_install'
[1.611s] Level 1:colcon.colcon_core.package_identification:_identify(webapp/src/test/java/com) by extensions ['colcon_pkg']
[1.611s] Level 1:colcon.colcon_core.package_identification:_identify(webapp/src/test/java/com) by extension 'colcon_pkg'
[1.611s] Level 1:colcon.colcon_core.package_identification:_identify(webapp/src/test/java/com) by extensions ['colcon_meta']
[1.611s] Level 1:colcon.colcon_core.package_identification:_identify(webapp/src/test/java/com) by extension 'colcon_meta'
[1.611s] Level 1:colcon.colcon_core.package_identification:_identify(webapp/src/test/java/com) by extensions ['ros']
[1.612s] Level 1:colcon.colcon_core.package_identification:_identify(webapp/src/test/java/com) by extension 'ros'
[1.612s] Level 1:colcon.colcon_core.package_identification:_identify(webapp/src/test/java/com) by extensions ['cmake', 'python']
[1.612s] Level 1:colcon.colcon_core.package_identification:_identify(webapp/src/test/java/com) by extension 'cmake'
[1.612s] Level 1:colcon.colcon_core.package_identification:_identify(webapp/src/test/java/com) by extension 'python'
[1.612s] Level 1:colcon.colcon_core.package_identification:_identify(webapp/src/test/java/com) by extensions ['python_setup_py']
[1.613s] Level 1:colcon.colcon_core.package_identification:_identify(webapp/src/test/java/com) by extension 'python_setup_py'
[1.613s] Level 1:colcon.colcon_core.package_identification:_identify(webapp/src/test/java/com/cmds) by extensions ['ignore', 'ignore_ament_install']
[1.614s] Level 1:colcon.colcon_core.package_identification:_identify(webapp/src/test/java/com/cmds) by extension 'ignore'
[1.614s] Level 1:colcon.colcon_core.package_identification:_identify(webapp/src/test/java/com/cmds) by extension 'ignore_ament_install'
[1.614s] Level 1:colcon.colcon_core.package_identification:_identify(webapp/src/test/java/com/cmds) by extensions ['colcon_pkg']
[1.614s] Level 1:colcon.colcon_core.package_identification:_identify(webapp/src/test/java/com/cmds) by extension 'colcon_pkg'
[1.614s] Level 1:colcon.colcon_core.package_identification:_identify(webapp/src/test/java/com/cmds) by extensions ['colcon_meta']
[1.614s] Level 1:colcon.colcon_core.package_identification:_identify(webapp/src/test/java/com/cmds) by extension 'colcon_meta'
[1.615s] Level 1:colcon.colcon_core.package_identification:_identify(webapp/src/test/java/com/cmds) by extensions ['ros']
[1.615s] Level 1:colcon.colcon_core.package_identification:_identify(webapp/src/test/java/com/cmds) by extension 'ros'
[1.615s] Level 1:colcon.colcon_core.package_identification:_identify(webapp/src/test/java/com/cmds) by extensions ['cmake', 'python']
[1.615s] Level 1:colcon.colcon_core.package_identification:_identify(webapp/src/test/java/com/cmds) by extension 'cmake'
[1.616s] Level 1:colcon.colcon_core.package_identification:_identify(webapp/src/test/java/com/cmds) by extension 'python'
[1.616s] Level 1:colcon.colcon_core.package_identification:_identify(webapp/src/test/java/com/cmds) by extensions ['python_setup_py']
[1.616s] Level 1:colcon.colcon_core.package_identification:_identify(webapp/src/test/java/com/cmds) by extension 'python_setup_py'
[1.616s] Level 1:colcon.colcon_core.package_identification:_identify(webapp/src/test/java/com/cmds/webapp) by extensions ['ignore', 'ignore_ament_install']
[1.617s] Level 1:colcon.colcon_core.package_identification:_identify(webapp/src/test/java/com/cmds/webapp) by extension 'ignore'
[1.617s] Level 1:colcon.colcon_core.package_identification:_identify(webapp/src/test/java/com/cmds/webapp) by extension 'ignore_ament_install'
[1.617s] Level 1:colcon.colcon_core.package_identification:_identify(webapp/src/test/java/com/cmds/webapp) by extensions ['colcon_pkg']
[1.618s] Level 1:colcon.colcon_core.package_identification:_identify(webapp/src/test/java/com/cmds/webapp) by extension 'colcon_pkg'
[1.618s] Level 1:colcon.colcon_core.package_identification:_identify(webapp/src/test/java/com/cmds/webapp) by extensions ['colcon_meta']
[1.618s] Level 1:colcon.colcon_core.package_identification:_identify(webapp/src/test/java/com/cmds/webapp) by extension 'colcon_meta'
[1.618s] Level 1:colcon.colcon_core.package_identification:_identify(webapp/src/test/java/com/cmds/webapp) by extensions ['ros']
[1.618s] Level 1:colcon.colcon_core.package_identification:_identify(webapp/src/test/java/com/cmds/webapp) by extension 'ros'
[1.619s] Level 1:colcon.colcon_core.package_identification:_identify(webapp/src/test/java/com/cmds/webapp) by extensions ['cmake', 'python']
[1.619s] Level 1:colcon.colcon_core.package_identification:_identify(webapp/src/test/java/com/cmds/webapp) by extension 'cmake'
[1.619s] Level 1:colcon.colcon_core.package_identification:_identify(webapp/src/test/java/com/cmds/webapp) by extension 'python'
[1.619s] Level 1:colcon.colcon_core.package_identification:_identify(webapp/src/test/java/com/cmds/webapp) by extensions ['python_setup_py']
[1.619s] Level 1:colcon.colcon_core.package_identification:_identify(webapp/src/test/java/com/cmds/webapp) by extension 'python_setup_py'
[1.620s] Level 1:colcon.colcon_core.package_identification:_identify(webapp/target) by extensions ['ignore', 'ignore_ament_install']
[1.620s] Level 1:colcon.colcon_core.package_identification:_identify(webapp/target) by extension 'ignore'
[1.620s] Level 1:colcon.colcon_core.package_identification:_identify(webapp/target) by extension 'ignore_ament_install'
[1.621s] Level 1:colcon.colcon_core.package_identification:_identify(webapp/target) by extensions ['colcon_pkg']
[1.621s] Level 1:colcon.colcon_core.package_identification:_identify(webapp/target) by extension 'colcon_pkg'
[1.621s] Level 1:colcon.colcon_core.package_identification:_identify(webapp/target) by extensions ['colcon_meta']
[1.621s] Level 1:colcon.colcon_core.package_identification:_identify(webapp/target) by extension 'colcon_meta'
[1.621s] Level 1:colcon.colcon_core.package_identification:_identify(webapp/target) by extensions ['ros']
[1.622s] Level 1:colcon.colcon_core.package_identification:_identify(webapp/target) by extension 'ros'
[1.622s] Level 1:colcon.colcon_core.package_identification:_identify(webapp/target) by extensions ['cmake', 'python']
[1.622s] Level 1:colcon.colcon_core.package_identification:_identify(webapp/target) by extension 'cmake'
[1.622s] Level 1:colcon.colcon_core.package_identification:_identify(webapp/target) by extension 'python'
[1.622s] Level 1:colcon.colcon_core.package_identification:_identify(webapp/target) by extensions ['python_setup_py']
[1.623s] Level 1:colcon.colcon_core.package_identification:_identify(webapp/target) by extension 'python_setup_py'
[1.623s] Level 1:colcon.colcon_core.package_identification:_identify(webapp/target/classes) by extensions ['ignore', 'ignore_ament_install']
[1.623s] Level 1:colcon.colcon_core.package_identification:_identify(webapp/target/classes) by extension 'ignore'
[1.624s] Level 1:colcon.colcon_core.package_identification:_identify(webapp/target/classes) by extension 'ignore_ament_install'
[1.624s] Level 1:colcon.colcon_core.package_identification:_identify(webapp/target/classes) by extensions ['colcon_pkg']
[1.624s] Level 1:colcon.colcon_core.package_identification:_identify(webapp/target/classes) by extension 'colcon_pkg'
[1.624s] Level 1:colcon.colcon_core.package_identification:_identify(webapp/target/classes) by extensions ['colcon_meta']
[1.624s] Level 1:colcon.colcon_core.package_identification:_identify(webapp/target/classes) by extension 'colcon_meta'
[1.624s] Level 1:colcon.colcon_core.package_identification:_identify(webapp/target/classes) by extensions ['ros']
[1.625s] Level 1:colcon.colcon_core.package_identification:_identify(webapp/target/classes) by extension 'ros'
[1.625s] Level 1:colcon.colcon_core.package_identification:_identify(webapp/target/classes) by extensions ['cmake', 'python']
[1.625s] Level 1:colcon.colcon_core.package_identification:_identify(webapp/target/classes) by extension 'cmake'
[1.625s] Level 1:colcon.colcon_core.package_identification:_identify(webapp/target/classes) by extension 'python'
[1.626s] Level 1:colcon.colcon_core.package_identification:_identify(webapp/target/classes) by extensions ['python_setup_py']
[1.626s] Level 1:colcon.colcon_core.package_identification:_identify(webapp/target/classes) by extension 'python_setup_py'
[1.626s] Level 1:colcon.colcon_core.package_identification:_identify(webapp/target/classes/com) by extensions ['ignore', 'ignore_ament_install']
[1.626s] Level 1:colcon.colcon_core.package_identification:_identify(webapp/target/classes/com) by extension 'ignore'
[1.627s] Level 1:colcon.colcon_core.package_identification:_identify(webapp/target/classes/com) by extension 'ignore_ament_install'
[1.627s] Level 1:colcon.colcon_core.package_identification:_identify(webapp/target/classes/com) by extensions ['colcon_pkg']
[1.627s] Level 1:colcon.colcon_core.package_identification:_identify(webapp/target/classes/com) by extension 'colcon_pkg'
[1.627s] Level 1:colcon.colcon_core.package_identification:_identify(webapp/target/classes/com) by extensions ['colcon_meta']
[1.627s] Level 1:colcon.colcon_core.package_identification:_identify(webapp/target/classes/com) by extension 'colcon_meta'
[1.628s] Level 1:colcon.colcon_core.package_identification:_identify(webapp/target/classes/com) by extensions ['ros']
[1.628s] Level 1:colcon.colcon_core.package_identification:_identify(webapp/target/classes/com) by extension 'ros'
[1.628s] Level 1:colcon.colcon_core.package_identification:_identify(webapp/target/classes/com) by extensions ['cmake', 'python']
[1.628s] Level 1:colcon.colcon_core.package_identification:_identify(webapp/target/classes/com) by extension 'cmake'
[1.628s] Level 1:colcon.colcon_core.package_identification:_identify(webapp/target/classes/com) by extension 'python'
[1.629s] Level 1:colcon.colcon_core.package_identification:_identify(webapp/target/classes/com) by extensions ['python_setup_py']
[1.629s] Level 1:colcon.colcon_core.package_identification:_identify(webapp/target/classes/com) by extension 'python_setup_py'
[1.629s] Level 1:colcon.colcon_core.package_identification:_identify(webapp/target/classes/com/cmds) by extensions ['ignore', 'ignore_ament_install']
[1.630s] Level 1:colcon.colcon_core.package_identification:_identify(webapp/target/classes/com/cmds) by extension 'ignore'
[1.630s] Level 1:colcon.colcon_core.package_identification:_identify(webapp/target/classes/com/cmds) by extension 'ignore_ament_install'
[1.630s] Level 1:colcon.colcon_core.package_identification:_identify(webapp/target/classes/com/cmds) by extensions ['colcon_pkg']
[1.630s] Level 1:colcon.colcon_core.package_identification:_identify(webapp/target/classes/com/cmds) by extension 'colcon_pkg'
[1.631s] Level 1:colcon.colcon_core.package_identification:_identify(webapp/target/classes/com/cmds) by extensions ['colcon_meta']
[1.631s] Level 1:colcon.colcon_core.package_identification:_identify(webapp/target/classes/com/cmds) by extension 'colcon_meta'
[1.631s] Level 1:colcon.colcon_core.package_identification:_identify(webapp/target/classes/com/cmds) by extensions ['ros']
[1.631s] Level 1:colcon.colcon_core.package_identification:_identify(webapp/target/classes/com/cmds) by extension 'ros'
[1.631s] Level 1:colcon.colcon_core.package_identification:_identify(webapp/target/classes/com/cmds) by extensions ['cmake', 'python']
[1.632s] Level 1:colcon.colcon_core.package_identification:_identify(webapp/target/classes/com/cmds) by extension 'cmake'
[1.632s] Level 1:colcon.colcon_core.package_identification:_identify(webapp/target/classes/com/cmds) by extension 'python'
[1.632s] Level 1:colcon.colcon_core.package_identification:_identify(webapp/target/classes/com/cmds) by extensions ['python_setup_py']
[1.632s] Level 1:colcon.colcon_core.package_identification:_identify(webapp/target/classes/com/cmds) by extension 'python_setup_py'
[1.633s] Level 1:colcon.colcon_core.package_identification:_identify(webapp/target/classes/com/cmds/webapp) by extensions ['ignore', 'ignore_ament_install']
[1.633s] Level 1:colcon.colcon_core.package_identification:_identify(webapp/target/classes/com/cmds/webapp) by extension 'ignore'
[1.633s] Level 1:colcon.colcon_core.package_identification:_identify(webapp/target/classes/com/cmds/webapp) by extension 'ignore_ament_install'
[1.634s] Level 1:colcon.colcon_core.package_identification:_identify(webapp/target/classes/com/cmds/webapp) by extensions ['colcon_pkg']
[1.634s] Level 1:colcon.colcon_core.package_identification:_identify(webapp/target/classes/com/cmds/webapp) by extension 'colcon_pkg'
[1.634s] Level 1:colcon.colcon_core.package_identification:_identify(webapp/target/classes/com/cmds/webapp) by extensions ['colcon_meta']
[1.634s] Level 1:colcon.colcon_core.package_identification:_identify(webapp/target/classes/com/cmds/webapp) by extension 'colcon_meta'
[1.634s] Level 1:colcon.colcon_core.package_identification:_identify(webapp/target/classes/com/cmds/webapp) by extensions ['ros']
[1.634s] Level 1:colcon.colcon_core.package_identification:_identify(webapp/target/classes/com/cmds/webapp) by extension 'ros'
[1.635s] Level 1:colcon.colcon_core.package_identification:_identify(webapp/target/classes/com/cmds/webapp) by extensions ['cmake', 'python']
[1.635s] Level 1:colcon.colcon_core.package_identification:_identify(webapp/target/classes/com/cmds/webapp) by extension 'cmake'
[1.635s] Level 1:colcon.colcon_core.package_identification:_identify(webapp/target/classes/com/cmds/webapp) by extension 'python'
[1.635s] Level 1:colcon.colcon_core.package_identification:_identify(webapp/target/classes/com/cmds/webapp) by extensions ['python_setup_py']
[1.635s] Level 1:colcon.colcon_core.package_identification:_identify(webapp/target/classes/com/cmds/webapp) by extension 'python_setup_py'
[1.636s] Level 1:colcon.colcon_core.package_identification:_identify(webapp/target/classes/com/cmds/webapp/aspect) by extensions ['ignore', 'ignore_ament_install']
[1.636s] Level 1:colcon.colcon_core.package_identification:_identify(webapp/target/classes/com/cmds/webapp/aspect) by extension 'ignore'
[1.637s] Level 1:colcon.colcon_core.package_identification:_identify(webapp/target/classes/com/cmds/webapp/aspect) by extension 'ignore_ament_install'
[1.637s] Level 1:colcon.colcon_core.package_identification:_identify(webapp/target/classes/com/cmds/webapp/aspect) by extensions ['colcon_pkg']
[1.637s] Level 1:colcon.colcon_core.package_identification:_identify(webapp/target/classes/com/cmds/webapp/aspect) by extension 'colcon_pkg'
[1.637s] Level 1:colcon.colcon_core.package_identification:_identify(webapp/target/classes/com/cmds/webapp/aspect) by extensions ['colcon_meta']
[1.637s] Level 1:colcon.colcon_core.package_identification:_identify(webapp/target/classes/com/cmds/webapp/aspect) by extension 'colcon_meta'
[1.638s] Level 1:colcon.colcon_core.package_identification:_identify(webapp/target/classes/com/cmds/webapp/aspect) by extensions ['ros']
[1.638s] Level 1:colcon.colcon_core.package_identification:_identify(webapp/target/classes/com/cmds/webapp/aspect) by extension 'ros'
[1.638s] Level 1:colcon.colcon_core.package_identification:_identify(webapp/target/classes/com/cmds/webapp/aspect) by extensions ['cmake', 'python']
[1.638s] Level 1:colcon.colcon_core.package_identification:_identify(webapp/target/classes/com/cmds/webapp/aspect) by extension 'cmake'
[1.639s] Level 1:colcon.colcon_core.package_identification:_identify(webapp/target/classes/com/cmds/webapp/aspect) by extension 'python'
[1.639s] Level 1:colcon.colcon_core.package_identification:_identify(webapp/target/classes/com/cmds/webapp/aspect) by extensions ['python_setup_py']
[1.639s] Level 1:colcon.colcon_core.package_identification:_identify(webapp/target/classes/com/cmds/webapp/aspect) by extension 'python_setup_py'
[1.640s] Level 1:colcon.colcon_core.package_identification:_identify(webapp/target/classes/com/cmds/webapp/controllers) by extensions ['ignore', 'ignore_ament_install']
[1.640s] Level 1:colcon.colcon_core.package_identification:_identify(webapp/target/classes/com/cmds/webapp/controllers) by extension 'ignore'
[1.640s] Level 1:colcon.colcon_core.package_identification:_identify(webapp/target/classes/com/cmds/webapp/controllers) by extension 'ignore_ament_install'
[1.640s] Level 1:colcon.colcon_core.package_identification:_identify(webapp/target/classes/com/cmds/webapp/controllers) by extensions ['colcon_pkg']
[1.641s] Level 1:colcon.colcon_core.package_identification:_identify(webapp/target/classes/com/cmds/webapp/controllers) by extension 'colcon_pkg'
[1.641s] Level 1:colcon.colcon_core.package_identification:_identify(webapp/target/classes/com/cmds/webapp/controllers) by extensions ['colcon_meta']
[1.641s] Level 1:colcon.colcon_core.package_identification:_identify(webapp/target/classes/com/cmds/webapp/controllers) by extension 'colcon_meta'
[1.641s] Level 1:colcon.colcon_core.package_identification:_identify(webapp/target/classes/com/cmds/webapp/controllers) by extensions ['ros']
[1.641s] Level 1:colcon.colcon_core.package_identification:_identify(webapp/target/classes/com/cmds/webapp/controllers) by extension 'ros'
[1.642s] Level 1:colcon.colcon_core.package_identification:_identify(webapp/target/classes/com/cmds/webapp/controllers) by extensions ['cmake', 'python']
[1.642s] Level 1:colcon.colcon_core.package_identification:_identify(webapp/target/classes/com/cmds/webapp/controllers) by extension 'cmake'
[1.642s] Level 1:colcon.colcon_core.package_identification:_identify(webapp/target/classes/com/cmds/webapp/controllers) by extension 'python'
[1.642s] Level 1:colcon.colcon_core.package_identification:_identify(webapp/target/classes/com/cmds/webapp/controllers) by extensions ['python_setup_py']
[1.643s] Level 1:colcon.colcon_core.package_identification:_identify(webapp/target/classes/com/cmds/webapp/controllers) by extension 'python_setup_py'
[1.643s] Level 1:colcon.colcon_core.package_identification:_identify(webapp/target/classes/com/cmds/webapp/models) by extensions ['ignore', 'ignore_ament_install']
[1.644s] Level 1:colcon.colcon_core.package_identification:_identify(webapp/target/classes/com/cmds/webapp/models) by extension 'ignore'
[1.644s] Level 1:colcon.colcon_core.package_identification:_identify(webapp/target/classes/com/cmds/webapp/models) by extension 'ignore_ament_install'
[1.644s] Level 1:colcon.colcon_core.package_identification:_identify(webapp/target/classes/com/cmds/webapp/models) by extensions ['colcon_pkg']
[1.644s] Level 1:colcon.colcon_core.package_identification:_identify(webapp/target/classes/com/cmds/webapp/models) by extension 'colcon_pkg'
[1.644s] Level 1:colcon.colcon_core.package_identification:_identify(webapp/target/classes/com/cmds/webapp/models) by extensions ['colcon_meta']
[1.645s] Level 1:colcon.colcon_core.package_identification:_identify(webapp/target/classes/com/cmds/webapp/models) by extension 'colcon_meta'
[1.645s] Level 1:colcon.colcon_core.package_identification:_identify(webapp/target/classes/com/cmds/webapp/models) by extensions ['ros']
[1.645s] Level 1:colcon.colcon_core.package_identification:_identify(webapp/target/classes/com/cmds/webapp/models) by extension 'ros'
[1.645s] Level 1:colcon.colcon_core.package_identification:_identify(webapp/target/classes/com/cmds/webapp/models) by extensions ['cmake', 'python']
[1.646s] Level 1:colcon.colcon_core.package_identification:_identify(webapp/target/classes/com/cmds/webapp/models) by extension 'cmake'
[1.646s] Level 1:colcon.colcon_core.package_identification:_identify(webapp/target/classes/com/cmds/webapp/models) by extension 'python'
[1.646s] Level 1:colcon.colcon_core.package_identification:_identify(webapp/target/classes/com/cmds/webapp/models) by extensions ['python_setup_py']
[1.646s] Level 1:colcon.colcon_core.package_identification:_identify(webapp/target/classes/com/cmds/webapp/models) by extension 'python_setup_py'
[1.647s] Level 1:colcon.colcon_core.package_identification:_identify(webapp/target/classes/com/cmds/webapp/repos) by extensions ['ignore', 'ignore_ament_install']
[1.647s] Level 1:colcon.colcon_core.package_identification:_identify(webapp/target/classes/com/cmds/webapp/repos) by extension 'ignore'
[1.647s] Level 1:colcon.colcon_core.package_identification:_identify(webapp/target/classes/com/cmds/webapp/repos) by extension 'ignore_ament_install'
[1.648s] Level 1:colcon.colcon_core.package_identification:_identify(webapp/target/classes/com/cmds/webapp/repos) by extensions ['colcon_pkg']
[1.648s] Level 1:colcon.colcon_core.package_identification:_identify(webapp/target/classes/com/cmds/webapp/repos) by extension 'colcon_pkg'
[1.648s] Level 1:colcon.colcon_core.package_identification:_identify(webapp/target/classes/com/cmds/webapp/repos) by extensions ['colcon_meta']
[1.648s] Level 1:colcon.colcon_core.package_identification:_identify(webapp/target/classes/com/cmds/webapp/repos) by extension 'colcon_meta'
[1.648s] Level 1:colcon.colcon_core.package_identification:_identify(webapp/target/classes/com/cmds/webapp/repos) by extensions ['ros']
[1.648s] Level 1:colcon.colcon_core.package_identification:_identify(webapp/target/classes/com/cmds/webapp/repos) by extension 'ros'
[1.649s] Level 1:colcon.colcon_core.package_identification:_identify(webapp/target/classes/com/cmds/webapp/repos) by extensions ['cmake', 'python']
[1.649s] Level 1:colcon.colcon_core.package_identification:_identify(webapp/target/classes/com/cmds/webapp/repos) by extension 'cmake'
[1.649s] Level 1:colcon.colcon_core.package_identification:_identify(webapp/target/classes/com/cmds/webapp/repos) by extension 'python'
[1.649s] Level 1:colcon.colcon_core.package_identification:_identify(webapp/target/classes/com/cmds/webapp/repos) by extensions ['python_setup_py']
[1.650s] Level 1:colcon.colcon_core.package_identification:_identify(webapp/target/classes/com/cmds/webapp/repos) by extension 'python_setup_py'
[1.650s] Level 1:colcon.colcon_core.package_identification:_identify(webapp/target/classes/static) by extensions ['ignore', 'ignore_ament_install']
[1.650s] Level 1:colcon.colcon_core.package_identification:_identify(webapp/target/classes/static) by extension 'ignore'
[1.651s] Level 1:colcon.colcon_core.package_identification:_identify(webapp/target/classes/static) by extension 'ignore_ament_install'
[1.651s] Level 1:colcon.colcon_core.package_identification:_identify(webapp/target/classes/static) by extensions ['colcon_pkg']
[1.651s] Level 1:colcon.colcon_core.package_identification:_identify(webapp/target/classes/static) by extension 'colcon_pkg'
[1.651s] Level 1:colcon.colcon_core.package_identification:_identify(webapp/target/classes/static) by extensions ['colcon_meta']
[1.651s] Level 1:colcon.colcon_core.package_identification:_identify(webapp/target/classes/static) by extension 'colcon_meta'
[1.652s] Level 1:colcon.colcon_core.package_identification:_identify(webapp/target/classes/static) by extensions ['ros']
[1.652s] Level 1:colcon.colcon_core.package_identification:_identify(webapp/target/classes/static) by extension 'ros'
[1.652s] Level 1:colcon.colcon_core.package_identification:_identify(webapp/target/classes/static) by extensions ['cmake', 'python']
[1.652s] Level 1:colcon.colcon_core.package_identification:_identify(webapp/target/classes/static) by extension 'cmake'
[1.652s] Level 1:colcon.colcon_core.package_identification:_identify(webapp/target/classes/static) by extension 'python'
[1.653s] Level 1:colcon.colcon_core.package_identification:_identify(webapp/target/classes/static) by extensions ['python_setup_py']
[1.653s] Level 1:colcon.colcon_core.package_identification:_identify(webapp/target/classes/static) by extension 'python_setup_py'
[1.653s] Level 1:colcon.colcon_core.package_identification:_identify(webapp/target/classes/static/static) by extensions ['ignore', 'ignore_ament_install']
[1.654s] Level 1:colcon.colcon_core.package_identification:_identify(webapp/target/classes/static/static) by extension 'ignore'
[1.654s] Level 1:colcon.colcon_core.package_identification:_identify(webapp/target/classes/static/static) by extension 'ignore_ament_install'
[1.654s] Level 1:colcon.colcon_core.package_identification:_identify(webapp/target/classes/static/static) by extensions ['colcon_pkg']
[1.654s] Level 1:colcon.colcon_core.package_identification:_identify(webapp/target/classes/static/static) by extension 'colcon_pkg'
[1.655s] Level 1:colcon.colcon_core.package_identification:_identify(webapp/target/classes/static/static) by extensions ['colcon_meta']
[1.655s] Level 1:colcon.colcon_core.package_identification:_identify(webapp/target/classes/static/static) by extension 'colcon_meta'
[1.655s] Level 1:colcon.colcon_core.package_identification:_identify(webapp/target/classes/static/static) by extensions ['ros']
[1.655s] Level 1:colcon.colcon_core.package_identification:_identify(webapp/target/classes/static/static) by extension 'ros'
[1.655s] Level 1:colcon.colcon_core.package_identification:_identify(webapp/target/classes/static/static) by extensions ['cmake', 'python']
[1.656s] Level 1:colcon.colcon_core.package_identification:_identify(webapp/target/classes/static/static) by extension 'cmake'
[1.656s] Level 1:colcon.colcon_core.package_identification:_identify(webapp/target/classes/static/static) by extension 'python'
[1.656s] Level 1:colcon.colcon_core.package_identification:_identify(webapp/target/classes/static/static) by extensions ['python_setup_py']
[1.656s] Level 1:colcon.colcon_core.package_identification:_identify(webapp/target/classes/static/static) by extension 'python_setup_py'
[1.657s] Level 1:colcon.colcon_core.package_identification:_identify(webapp/target/classes/static/static/css) by extensions ['ignore', 'ignore_ament_install']
[1.657s] Level 1:colcon.colcon_core.package_identification:_identify(webapp/target/classes/static/static/css) by extension 'ignore'
[1.657s] Level 1:colcon.colcon_core.package_identification:_identify(webapp/target/classes/static/static/css) by extension 'ignore_ament_install'
[1.658s] Level 1:colcon.colcon_core.package_identification:_identify(webapp/target/classes/static/static/css) by extensions ['colcon_pkg']
[1.658s] Level 1:colcon.colcon_core.package_identification:_identify(webapp/target/classes/static/static/css) by extension 'colcon_pkg'
[1.658s] Level 1:colcon.colcon_core.package_identification:_identify(webapp/target/classes/static/static/css) by extensions ['colcon_meta']
[1.658s] Level 1:colcon.colcon_core.package_identification:_identify(webapp/target/classes/static/static/css) by extension 'colcon_meta'
[1.658s] Level 1:colcon.colcon_core.package_identification:_identify(webapp/target/classes/static/static/css) by extensions ['ros']
[1.658s] Level 1:colcon.colcon_core.package_identification:_identify(webapp/target/classes/static/static/css) by extension 'ros'
[1.659s] Level 1:colcon.colcon_core.package_identification:_identify(webapp/target/classes/static/static/css) by extensions ['cmake', 'python']
[1.659s] Level 1:colcon.colcon_core.package_identification:_identify(webapp/target/classes/static/static/css) by extension 'cmake'
[1.659s] Level 1:colcon.colcon_core.package_identification:_identify(webapp/target/classes/static/static/css) by extension 'python'
[1.659s] Level 1:colcon.colcon_core.package_identification:_identify(webapp/target/classes/static/static/css) by extensions ['python_setup_py']
[1.659s] Level 1:colcon.colcon_core.package_identification:_identify(webapp/target/classes/static/static/css) by extension 'python_setup_py'
[1.660s] Level 1:colcon.colcon_core.package_identification:_identify(webapp/target/classes/static/static/images) by extensions ['ignore', 'ignore_ament_install']
[1.660s] Level 1:colcon.colcon_core.package_identification:_identify(webapp/target/classes/static/static/images) by extension 'ignore'
[1.661s] Level 1:colcon.colcon_core.package_identification:_identify(webapp/target/classes/static/static/images) by extension 'ignore_ament_install'
[1.661s] Level 1:colcon.colcon_core.package_identification:_identify(webapp/target/classes/static/static/images) by extensions ['colcon_pkg']
[1.661s] Level 1:colcon.colcon_core.package_identification:_identify(webapp/target/classes/static/static/images) by extension 'colcon_pkg'
[1.661s] Level 1:colcon.colcon_core.package_identification:_identify(webapp/target/classes/static/static/images) by extensions ['colcon_meta']
[1.661s] Level 1:colcon.colcon_core.package_identification:_identify(webapp/target/classes/static/static/images) by extension 'colcon_meta'
[1.662s] Level 1:colcon.colcon_core.package_identification:_identify(webapp/target/classes/static/static/images) by extensions ['ros']
[1.662s] Level 1:colcon.colcon_core.package_identification:_identify(webapp/target/classes/static/static/images) by extension 'ros'
[1.662s] Level 1:colcon.colcon_core.package_identification:_identify(webapp/target/classes/static/static/images) by extensions ['cmake', 'python']
[1.662s] Level 1:colcon.colcon_core.package_identification:_identify(webapp/target/classes/static/static/images) by extension 'cmake'
[1.663s] Level 1:colcon.colcon_core.package_identification:_identify(webapp/target/classes/static/static/images) by extension 'python'
[1.663s] Level 1:colcon.colcon_core.package_identification:_identify(webapp/target/classes/static/static/images) by extensions ['python_setup_py']
[1.663s] Level 1:colcon.colcon_core.package_identification:_identify(webapp/target/classes/static/static/images) by extension 'python_setup_py'
[1.664s] Level 1:colcon.colcon_core.package_identification:_identify(webapp/target/classes/static/static/scripts) by extensions ['ignore', 'ignore_ament_install']
[1.664s] Level 1:colcon.colcon_core.package_identification:_identify(webapp/target/classes/static/static/scripts) by extension 'ignore'
[1.664s] Level 1:colcon.colcon_core.package_identification:_identify(webapp/target/classes/static/static/scripts) by extension 'ignore_ament_install'
[1.664s] Level 1:colcon.colcon_core.package_identification:_identify(webapp/target/classes/static/static/scripts) by extensions ['colcon_pkg']
[1.664s] Level 1:colcon.colcon_core.package_identification:_identify(webapp/target/classes/static/static/scripts) by extension 'colcon_pkg'
[1.665s] Level 1:colcon.colcon_core.package_identification:_identify(webapp/target/classes/static/static/scripts) by extensions ['colcon_meta']
[1.665s] Level 1:colcon.colcon_core.package_identification:_identify(webapp/target/classes/static/static/scripts) by extension 'colcon_meta'
[1.665s] Level 1:colcon.colcon_core.package_identification:_identify(webapp/target/classes/static/static/scripts) by extensions ['ros']
[1.665s] Level 1:colcon.colcon_core.package_identification:_identify(webapp/target/classes/static/static/scripts) by extension 'ros'
[1.666s] Level 1:colcon.colcon_core.package_identification:_identify(webapp/target/classes/static/static/scripts) by extensions ['cmake', 'python']
[1.666s] Level 1:colcon.colcon_core.package_identification:_identify(webapp/target/classes/static/static/scripts) by extension 'cmake'
[1.666s] Level 1:colcon.colcon_core.package_identification:_identify(webapp/target/classes/static/static/scripts) by extension 'python'
[1.666s] Level 1:colcon.colcon_core.package_identification:_identify(webapp/target/classes/static/static/scripts) by extensions ['python_setup_py']
[1.666s] Level 1:colcon.colcon_core.package_identification:_identify(webapp/target/classes/static/static/scripts) by extension 'python_setup_py'
[1.667s] Level 1:colcon.colcon_core.package_identification:_identify(webapp/target/classes/templates) by extensions ['ignore', 'ignore_ament_install']
[1.667s] Level 1:colcon.colcon_core.package_identification:_identify(webapp/target/classes/templates) by extension 'ignore'
[1.668s] Level 1:colcon.colcon_core.package_identification:_identify(webapp/target/classes/templates) by extension 'ignore_ament_install'
[1.668s] Level 1:colcon.colcon_core.package_identification:_identify(webapp/target/classes/templates) by extensions ['colcon_pkg']
[1.668s] Level 1:colcon.colcon_core.package_identification:_identify(webapp/target/classes/templates) by extension 'colcon_pkg'
[1.668s] Level 1:colcon.colcon_core.package_identification:_identify(webapp/target/classes/templates) by extensions ['colcon_meta']
[1.668s] Level 1:colcon.colcon_core.package_identification:_identify(webapp/target/classes/templates) by extension 'colcon_meta'
[1.669s] Level 1:colcon.colcon_core.package_identification:_identify(webapp/target/classes/templates) by extensions ['ros']
[1.669s] Level 1:colcon.colcon_core.package_identification:_identify(webapp/target/classes/templates) by extension 'ros'
[1.669s] Level 1:colcon.colcon_core.package_identification:_identify(webapp/target/classes/templates) by extensions ['cmake', 'python']
[1.669s] Level 1:colcon.colcon_core.package_identification:_identify(webapp/target/classes/templates) by extension 'cmake'
[1.669s] Level 1:colcon.colcon_core.package_identification:_identify(webapp/target/classes/templates) by extension 'python'
[1.670s] Level 1:colcon.colcon_core.package_identification:_identify(webapp/target/classes/templates) by extensions ['python_setup_py']
[1.670s] Level 1:colcon.colcon_core.package_identification:_identify(webapp/target/classes/templates) by extension 'python_setup_py'
[1.670s] Level 1:colcon.colcon_core.package_identification:_identify(webapp/target/generated-sources) by extensions ['ignore', 'ignore_ament_install']
[1.671s] Level 1:colcon.colcon_core.package_identification:_identify(webapp/target/generated-sources) by extension 'ignore'
[1.671s] Level 1:colcon.colcon_core.package_identification:_identify(webapp/target/generated-sources) by extension 'ignore_ament_install'
[1.671s] Level 1:colcon.colcon_core.package_identification:_identify(webapp/target/generated-sources) by extensions ['colcon_pkg']
[1.671s] Level 1:colcon.colcon_core.package_identification:_identify(webapp/target/generated-sources) by extension 'colcon_pkg'
[1.671s] Level 1:colcon.colcon_core.package_identification:_identify(webapp/target/generated-sources) by extensions ['colcon_meta']
[1.671s] Level 1:colcon.colcon_core.package_identification:_identify(webapp/target/generated-sources) by extension 'colcon_meta'
[1.672s] Level 1:colcon.colcon_core.package_identification:_identify(webapp/target/generated-sources) by extensions ['ros']
[1.672s] Level 1:colcon.colcon_core.package_identification:_identify(webapp/target/generated-sources) by extension 'ros'
[1.672s] Level 1:colcon.colcon_core.package_identification:_identify(webapp/target/generated-sources) by extensions ['cmake', 'python']
[1.672s] Level 1:colcon.colcon_core.package_identification:_identify(webapp/target/generated-sources) by extension 'cmake'
[1.673s] Level 1:colcon.colcon_core.package_identification:_identify(webapp/target/generated-sources) by extension 'python'
[1.673s] Level 1:colcon.colcon_core.package_identification:_identify(webapp/target/generated-sources) by extensions ['python_setup_py']
[1.673s] Level 1:colcon.colcon_core.package_identification:_identify(webapp/target/generated-sources) by extension 'python_setup_py'
[1.673s] Level 1:colcon.colcon_core.package_identification:_identify(webapp/target/generated-sources/annotations) by extensions ['ignore', 'ignore_ament_install']
[1.674s] Level 1:colcon.colcon_core.package_identification:_identify(webapp/target/generated-sources/annotations) by extension 'ignore'
[1.674s] Level 1:colcon.colcon_core.package_identification:_identify(webapp/target/generated-sources/annotations) by extension 'ignore_ament_install'
[1.674s] Level 1:colcon.colcon_core.package_identification:_identify(webapp/target/generated-sources/annotations) by extensions ['colcon_pkg']
[1.674s] Level 1:colcon.colcon_core.package_identification:_identify(webapp/target/generated-sources/annotations) by extension 'colcon_pkg'
[1.674s] Level 1:colcon.colcon_core.package_identification:_identify(webapp/target/generated-sources/annotations) by extensions ['colcon_meta']
[1.675s] Level 1:colcon.colcon_core.package_identification:_identify(webapp/target/generated-sources/annotations) by extension 'colcon_meta'
[1.675s] Level 1:colcon.colcon_core.package_identification:_identify(webapp/target/generated-sources/annotations) by extensions ['ros']
[1.675s] Level 1:colcon.colcon_core.package_identification:_identify(webapp/target/generated-sources/annotations) by extension 'ros'
[1.675s] Level 1:colcon.colcon_core.package_identification:_identify(webapp/target/generated-sources/annotations) by extensions ['cmake', 'python']
[1.676s] Level 1:colcon.colcon_core.package_identification:_identify(webapp/target/generated-sources/annotations) by extension 'cmake'
[1.676s] Level 1:colcon.colcon_core.package_identification:_identify(webapp/target/generated-sources/annotations) by extension 'python'
[1.676s] Level 1:colcon.colcon_core.package_identification:_identify(webapp/target/generated-sources/annotations) by extensions ['python_setup_py']
[1.676s] Level 1:colcon.colcon_core.package_identification:_identify(webapp/target/generated-sources/annotations) by extension 'python_setup_py'
[1.677s] Level 1:colcon.colcon_core.package_identification:_identify(webapp/target/generated-test-sources) by extensions ['ignore', 'ignore_ament_install']
[1.677s] Level 1:colcon.colcon_core.package_identification:_identify(webapp/target/generated-test-sources) by extension 'ignore'
[1.677s] Level 1:colcon.colcon_core.package_identification:_identify(webapp/target/generated-test-sources) by extension 'ignore_ament_install'
[1.677s] Level 1:colcon.colcon_core.package_identification:_identify(webapp/target/generated-test-sources) by extensions ['colcon_pkg']
[1.678s] Level 1:colcon.colcon_core.package_identification:_identify(webapp/target/generated-test-sources) by extension 'colcon_pkg'
[1.678s] Level 1:colcon.colcon_core.package_identification:_identify(webapp/target/generated-test-sources) by extensions ['colcon_meta']
[1.678s] Level 1:colcon.colcon_core.package_identification:_identify(webapp/target/generated-test-sources) by extension 'colcon_meta'
[1.678s] Level 1:colcon.colcon_core.package_identification:_identify(webapp/target/generated-test-sources) by extensions ['ros']
[1.678s] Level 1:colcon.colcon_core.package_identification:_identify(webapp/target/generated-test-sources) by extension 'ros'
[1.679s] Level 1:colcon.colcon_core.package_identification:_identify(webapp/target/generated-test-sources) by extensions ['cmake', 'python']
[1.679s] Level 1:colcon.colcon_core.package_identification:_identify(webapp/target/generated-test-sources) by extension 'cmake'
[1.679s] Level 1:colcon.colcon_core.package_identification:_identify(webapp/target/generated-test-sources) by extension 'python'
[1.679s] Level 1:colcon.colcon_core.package_identification:_identify(webapp/target/generated-test-sources) by extensions ['python_setup_py']
[1.679s] Level 1:colcon.colcon_core.package_identification:_identify(webapp/target/generated-test-sources) by extension 'python_setup_py'
[1.680s] Level 1:colcon.colcon_core.package_identification:_identify(webapp/target/generated-test-sources/test-annotations) by extensions ['ignore', 'ignore_ament_install']
[1.680s] Level 1:colcon.colcon_core.package_identification:_identify(webapp/target/generated-test-sources/test-annotations) by extension 'ignore'
[1.680s] Level 1:colcon.colcon_core.package_identification:_identify(webapp/target/generated-test-sources/test-annotations) by extension 'ignore_ament_install'
[1.681s] Level 1:colcon.colcon_core.package_identification:_identify(webapp/target/generated-test-sources/test-annotations) by extensions ['colcon_pkg']
[1.681s] Level 1:colcon.colcon_core.package_identification:_identify(webapp/target/generated-test-sources/test-annotations) by extension 'colcon_pkg'
[1.681s] Level 1:colcon.colcon_core.package_identification:_identify(webapp/target/generated-test-sources/test-annotations) by extensions ['colcon_meta']
[1.681s] Level 1:colcon.colcon_core.package_identification:_identify(webapp/target/generated-test-sources/test-annotations) by extension 'colcon_meta'
[1.681s] Level 1:colcon.colcon_core.package_identification:_identify(webapp/target/generated-test-sources/test-annotations) by extensions ['ros']
[1.681s] Level 1:colcon.colcon_core.package_identification:_identify(webapp/target/generated-test-sources/test-annotations) by extension 'ros'
[1.682s] Level 1:colcon.colcon_core.package_identification:_identify(webapp/target/generated-test-sources/test-annotations) by extensions ['cmake', 'python']
[1.682s] Level 1:colcon.colcon_core.package_identification:_identify(webapp/target/generated-test-sources/test-annotations) by extension 'cmake'
[1.682s] Level 1:colcon.colcon_core.package_identification:_identify(webapp/target/generated-test-sources/test-annotations) by extension 'python'
[1.682s] Level 1:colcon.colcon_core.package_identification:_identify(webapp/target/generated-test-sources/test-annotations) by extensions ['python_setup_py']
[1.683s] Level 1:colcon.colcon_core.package_identification:_identify(webapp/target/generated-test-sources/test-annotations) by extension 'python_setup_py'
[1.683s] Level 1:colcon.colcon_core.package_identification:_identify(webapp/target/maven-status) by extensions ['ignore', 'ignore_ament_install']
[1.683s] Level 1:colcon.colcon_core.package_identification:_identify(webapp/target/maven-status) by extension 'ignore'
[1.684s] Level 1:colcon.colcon_core.package_identification:_identify(webapp/target/maven-status) by extension 'ignore_ament_install'
[1.684s] Level 1:colcon.colcon_core.package_identification:_identify(webapp/target/maven-status) by extensions ['colcon_pkg']
[1.684s] Level 1:colcon.colcon_core.package_identification:_identify(webapp/target/maven-status) by extension 'colcon_pkg'
[1.684s] Level 1:colcon.colcon_core.package_identification:_identify(webapp/target/maven-status) by extensions ['colcon_meta']
[1.684s] Level 1:colcon.colcon_core.package_identification:_identify(webapp/target/maven-status) by extension 'colcon_meta'
[1.685s] Level 1:colcon.colcon_core.package_identification:_identify(webapp/target/maven-status) by extensions ['ros']
[1.685s] Level 1:colcon.colcon_core.package_identification:_identify(webapp/target/maven-status) by extension 'ros'
[1.685s] Level 1:colcon.colcon_core.package_identification:_identify(webapp/target/maven-status) by extensions ['cmake', 'python']
[1.685s] Level 1:colcon.colcon_core.package_identification:_identify(webapp/target/maven-status) by extension 'cmake'
[1.685s] Level 1:colcon.colcon_core.package_identification:_identify(webapp/target/maven-status) by extension 'python'
[1.686s] Level 1:colcon.colcon_core.package_identification:_identify(webapp/target/maven-status) by extensions ['python_setup_py']
[1.686s] Level 1:colcon.colcon_core.package_identification:_identify(webapp/target/maven-status) by extension 'python_setup_py'
[1.686s] Level 1:colcon.colcon_core.package_identification:_identify(webapp/target/maven-status/maven-compiler-plugin) by extensions ['ignore', 'ignore_ament_install']
[1.687s] Level 1:colcon.colcon_core.package_identification:_identify(webapp/target/maven-status/maven-compiler-plugin) by extension 'ignore'
[1.687s] Level 1:colcon.colcon_core.package_identification:_identify(webapp/target/maven-status/maven-compiler-plugin) by extension 'ignore_ament_install'
[1.687s] Level 1:colcon.colcon_core.package_identification:_identify(webapp/target/maven-status/maven-compiler-plugin) by extensions ['colcon_pkg']
[1.687s] Level 1:colcon.colcon_core.package_identification:_identify(webapp/target/maven-status/maven-compiler-plugin) by extension 'colcon_pkg'
[1.687s] Level 1:colcon.colcon_core.package_identification:_identify(webapp/target/maven-status/maven-compiler-plugin) by extensions ['colcon_meta']
[1.687s] Level 1:colcon.colcon_core.package_identification:_identify(webapp/target/maven-status/maven-compiler-plugin) by extension 'colcon_meta'
[1.688s] Level 1:colcon.colcon_core.package_identification:_identify(webapp/target/maven-status/maven-compiler-plugin) by extensions ['ros']
[1.688s] Level 1:colcon.colcon_core.package_identification:_identify(webapp/target/maven-status/maven-compiler-plugin) by extension 'ros'
[1.688s] Level 1:colcon.colcon_core.package_identification:_identify(webapp/target/maven-status/maven-compiler-plugin) by extensions ['cmake', 'python']
[1.688s] Level 1:colcon.colcon_core.package_identification:_identify(webapp/target/maven-status/maven-compiler-plugin) by extension 'cmake'
[1.689s] Level 1:colcon.colcon_core.package_identification:_identify(webapp/target/maven-status/maven-compiler-plugin) by extension 'python'
[1.689s] Level 1:colcon.colcon_core.package_identification:_identify(webapp/target/maven-status/maven-compiler-plugin) by extensions ['python_setup_py']
[1.689s] Level 1:colcon.colcon_core.package_identification:_identify(webapp/target/maven-status/maven-compiler-plugin) by extension 'python_setup_py'
[1.690s] Level 1:colcon.colcon_core.package_identification:_identify(webapp/target/maven-status/maven-compiler-plugin/compile) by extensions ['ignore', 'ignore_ament_install']
[1.690s] Level 1:colcon.colcon_core.package_identification:_identify(webapp/target/maven-status/maven-compiler-plugin/compile) by extension 'ignore'
[1.690s] Level 1:colcon.colcon_core.package_identification:_identify(webapp/target/maven-status/maven-compiler-plugin/compile) by extension 'ignore_ament_install'
[1.690s] Level 1:colcon.colcon_core.package_identification:_identify(webapp/target/maven-status/maven-compiler-plugin/compile) by extensions ['colcon_pkg']
[1.690s] Level 1:colcon.colcon_core.package_identification:_identify(webapp/target/maven-status/maven-compiler-plugin/compile) by extension 'colcon_pkg'
[1.691s] Level 1:colcon.colcon_core.package_identification:_identify(webapp/target/maven-status/maven-compiler-plugin/compile) by extensions ['colcon_meta']
[1.691s] Level 1:colcon.colcon_core.package_identification:_identify(webapp/target/maven-status/maven-compiler-plugin/compile) by extension 'colcon_meta'
[1.691s] Level 1:colcon.colcon_core.package_identification:_identify(webapp/target/maven-status/maven-compiler-plugin/compile) by extensions ['ros']
[1.691s] Level 1:colcon.colcon_core.package_identification:_identify(webapp/target/maven-status/maven-compiler-plugin/compile) by extension 'ros'
[1.692s] Level 1:colcon.colcon_core.package_identification:_identify(webapp/target/maven-status/maven-compiler-plugin/compile) by extensions ['cmake', 'python']
[1.692s] Level 1:colcon.colcon_core.package_identification:_identify(webapp/target/maven-status/maven-compiler-plugin/compile) by extension 'cmake'
[1.692s] Level 1:colcon.colcon_core.package_identification:_identify(webapp/target/maven-status/maven-compiler-plugin/compile) by extension 'python'
[1.692s] Level 1:colcon.colcon_core.package_identification:_identify(webapp/target/maven-status/maven-compiler-plugin/compile) by extensions ['python_setup_py']
[1.692s] Level 1:colcon.colcon_core.package_identification:_identify(webapp/target/maven-status/maven-compiler-plugin/compile) by extension 'python_setup_py'
[1.693s] Level 1:colcon.colcon_core.package_identification:_identify(webapp/target/maven-status/maven-compiler-plugin/compile/default-compile) by extensions ['ignore', 'ignore_ament_install']
[1.693s] Level 1:colcon.colcon_core.package_identification:_identify(webapp/target/maven-status/maven-compiler-plugin/compile/default-compile) by extension 'ignore'
[1.694s] Level 1:colcon.colcon_core.package_identification:_identify(webapp/target/maven-status/maven-compiler-plugin/compile/default-compile) by extension 'ignore_ament_install'
[1.694s] Level 1:colcon.colcon_core.package_identification:_identify(webapp/target/maven-status/maven-compiler-plugin/compile/default-compile) by extensions ['colcon_pkg']
[1.694s] Level 1:colcon.colcon_core.package_identification:_identify(webapp/target/maven-status/maven-compiler-plugin/compile/default-compile) by extension 'colcon_pkg'
[1.694s] Level 1:colcon.colcon_core.package_identification:_identify(webapp/target/maven-status/maven-compiler-plugin/compile/default-compile) by extensions ['colcon_meta']
[1.694s] Level 1:colcon.colcon_core.package_identification:_identify(webapp/target/maven-status/maven-compiler-plugin/compile/default-compile) by extension 'colcon_meta'
[1.695s] Level 1:colcon.colcon_core.package_identification:_identify(webapp/target/maven-status/maven-compiler-plugin/compile/default-compile) by extensions ['ros']
[1.695s] Level 1:colcon.colcon_core.package_identification:_identify(webapp/target/maven-status/maven-compiler-plugin/compile/default-compile) by extension 'ros'
[1.695s] Level 1:colcon.colcon_core.package_identification:_identify(webapp/target/maven-status/maven-compiler-plugin/compile/default-compile) by extensions ['cmake', 'python']
[1.695s] Level 1:colcon.colcon_core.package_identification:_identify(webapp/target/maven-status/maven-compiler-plugin/compile/default-compile) by extension 'cmake'
[1.695s] Level 1:colcon.colcon_core.package_identification:_identify(webapp/target/maven-status/maven-compiler-plugin/compile/default-compile) by extension 'python'
[1.696s] Level 1:colcon.colcon_core.package_identification:_identify(webapp/target/maven-status/maven-compiler-plugin/compile/default-compile) by extensions ['python_setup_py']
[1.696s] Level 1:colcon.colcon_core.package_identification:_identify(webapp/target/maven-status/maven-compiler-plugin/compile/default-compile) by extension 'python_setup_py'
[1.696s] Level 1:colcon.colcon_core.package_identification:_identify(webapp/target/maven-status/maven-compiler-plugin/testCompile) by extensions ['ignore', 'ignore_ament_install']
[1.697s] Level 1:colcon.colcon_core.package_identification:_identify(webapp/target/maven-status/maven-compiler-plugin/testCompile) by extension 'ignore'
[1.697s] Level 1:colcon.colcon_core.package_identification:_identify(webapp/target/maven-status/maven-compiler-plugin/testCompile) by extension 'ignore_ament_install'
[1.697s] Level 1:colcon.colcon_core.package_identification:_identify(webapp/target/maven-status/maven-compiler-plugin/testCompile) by extensions ['colcon_pkg']
[1.697s] Level 1:colcon.colcon_core.package_identification:_identify(webapp/target/maven-status/maven-compiler-plugin/testCompile) by extension 'colcon_pkg'
[1.698s] Level 1:colcon.colcon_core.package_identification:_identify(webapp/target/maven-status/maven-compiler-plugin/testCompile) by extensions ['colcon_meta']
[1.698s] Level 1:colcon.colcon_core.package_identification:_identify(webapp/target/maven-status/maven-compiler-plugin/testCompile) by extension 'colcon_meta'
[1.698s] Level 1:colcon.colcon_core.package_identification:_identify(webapp/target/maven-status/maven-compiler-plugin/testCompile) by extensions ['ros']
[1.698s] Level 1:colcon.colcon_core.package_identification:_identify(webapp/target/maven-status/maven-compiler-plugin/testCompile) by extension 'ros'
[1.699s] Level 1:colcon.colcon_core.package_identification:_identify(webapp/target/maven-status/maven-compiler-plugin/testCompile) by extensions ['cmake', 'python']
[1.699s] Level 1:colcon.colcon_core.package_identification:_identify(webapp/target/maven-status/maven-compiler-plugin/testCompile) by extension 'cmake'
[1.699s] Level 1:colcon.colcon_core.package_identification:_identify(webapp/target/maven-status/maven-compiler-plugin/testCompile) by extension 'python'
[1.699s] Level 1:colcon.colcon_core.package_identification:_identify(webapp/target/maven-status/maven-compiler-plugin/testCompile) by extensions ['python_setup_py']
[1.699s] Level 1:colcon.colcon_core.package_identification:_identify(webapp/target/maven-status/maven-compiler-plugin/testCompile) by extension 'python_setup_py'
[1.700s] Level 1:colcon.colcon_core.package_identification:_identify(webapp/target/maven-status/maven-compiler-plugin/testCompile/default-testCompile) by extensions ['ignore', 'ignore_ament_install']
[1.700s] Level 1:colcon.colcon_core.package_identification:_identify(webapp/target/maven-status/maven-compiler-plugin/testCompile/default-testCompile) by extension 'ignore'
[1.700s] Level 1:colcon.colcon_core.package_identification:_identify(webapp/target/maven-status/maven-compiler-plugin/testCompile/default-testCompile) by extension 'ignore_ament_install'
[1.701s] Level 1:colcon.colcon_core.package_identification:_identify(webapp/target/maven-status/maven-compiler-plugin/testCompile/default-testCompile) by extensions ['colcon_pkg']
[1.701s] Level 1:colcon.colcon_core.package_identification:_identify(webapp/target/maven-status/maven-compiler-plugin/testCompile/default-testCompile) by extension 'colcon_pkg'
[1.701s] Level 1:colcon.colcon_core.package_identification:_identify(webapp/target/maven-status/maven-compiler-plugin/testCompile/default-testCompile) by extensions ['colcon_meta']
[1.701s] Level 1:colcon.colcon_core.package_identification:_identify(webapp/target/maven-status/maven-compiler-plugin/testCompile/default-testCompile) by extension 'colcon_meta'
[1.702s] Level 1:colcon.colcon_core.package_identification:_identify(webapp/target/maven-status/maven-compiler-plugin/testCompile/default-testCompile) by extensions ['ros']
[1.702s] Level 1:colcon.colcon_core.package_identification:_identify(webapp/target/maven-status/maven-compiler-plugin/testCompile/default-testCompile) by extension 'ros'
[1.702s] Level 1:colcon.colcon_core.package_identification:_identify(webapp/target/maven-status/maven-compiler-plugin/testCompile/default-testCompile) by extensions ['cmake', 'python']
[1.702s] Level 1:colcon.colcon_core.package_identification:_identify(webapp/target/maven-status/maven-compiler-plugin/testCompile/default-testCompile) by extension 'cmake'
[1.702s] Level 1:colcon.colcon_core.package_identification:_identify(webapp/target/maven-status/maven-compiler-plugin/testCompile/default-testCompile) by extension 'python'
[1.703s] Level 1:colcon.colcon_core.package_identification:_identify(webapp/target/maven-status/maven-compiler-plugin/testCompile/default-testCompile) by extensions ['python_setup_py']
[1.703s] Level 1:colcon.colcon_core.package_identification:_identify(webapp/target/maven-status/maven-compiler-plugin/testCompile/default-testCompile) by extension 'python_setup_py'
[1.703s] Level 1:colcon.colcon_core.package_identification:_identify(webapp/target/surefire-reports) by extensions ['ignore', 'ignore_ament_install']
[1.704s] Level 1:colcon.colcon_core.package_identification:_identify(webapp/target/surefire-reports) by extension 'ignore'
[1.704s] Level 1:colcon.colcon_core.package_identification:_identify(webapp/target/surefire-reports) by extension 'ignore_ament_install'
[1.704s] Level 1:colcon.colcon_core.package_identification:_identify(webapp/target/surefire-reports) by extensions ['colcon_pkg']
[1.704s] Level 1:colcon.colcon_core.package_identification:_identify(webapp/target/surefire-reports) by extension 'colcon_pkg'
[1.705s] Level 1:colcon.colcon_core.package_identification:_identify(webapp/target/surefire-reports) by extensions ['colcon_meta']
[1.705s] Level 1:colcon.colcon_core.package_identification:_identify(webapp/target/surefire-reports) by extension 'colcon_meta'
[1.705s] Level 1:colcon.colcon_core.package_identification:_identify(webapp/target/surefire-reports) by extensions ['ros']
[1.705s] Level 1:colcon.colcon_core.package_identification:_identify(webapp/target/surefire-reports) by extension 'ros'
[1.706s] Level 1:colcon.colcon_core.package_identification:_identify(webapp/target/surefire-reports) by extensions ['cmake', 'python']
[1.706s] Level 1:colcon.colcon_core.package_identification:_identify(webapp/target/surefire-reports) by extension 'cmake'
[1.706s] Level 1:colcon.colcon_core.package_identification:_identify(webapp/target/surefire-reports) by extension 'python'
[1.706s] Level 1:colcon.colcon_core.package_identification:_identify(webapp/target/surefire-reports) by extensions ['python_setup_py']
[1.706s] Level 1:colcon.colcon_core.package_identification:_identify(webapp/target/surefire-reports) by extension 'python_setup_py'
[1.707s] Level 1:colcon.colcon_core.package_identification:_identify(webapp/target/test-classes) by extensions ['ignore', 'ignore_ament_install']
[1.707s] Level 1:colcon.colcon_core.package_identification:_identify(webapp/target/test-classes) by extension 'ignore'
[1.707s] Level 1:colcon.colcon_core.package_identification:_identify(webapp/target/test-classes) by extension 'ignore_ament_install'
[1.707s] Level 1:colcon.colcon_core.package_identification:_identify(webapp/target/test-classes) by extensions ['colcon_pkg']
[1.708s] Level 1:colcon.colcon_core.package_identification:_identify(webapp/target/test-classes) by extension 'colcon_pkg'
[1.708s] Level 1:colcon.colcon_core.package_identification:_identify(webapp/target/test-classes) by extensions ['colcon_meta']
[1.708s] Level 1:colcon.colcon_core.package_identification:_identify(webapp/target/test-classes) by extension 'colcon_meta'
[1.708s] Level 1:colcon.colcon_core.package_identification:_identify(webapp/target/test-classes) by extensions ['ros']
[1.708s] Level 1:colcon.colcon_core.package_identification:_identify(webapp/target/test-classes) by extension 'ros'
[1.709s] Level 1:colcon.colcon_core.package_identification:_identify(webapp/target/test-classes) by extensions ['cmake', 'python']
[1.709s] Level 1:colcon.colcon_core.package_identification:_identify(webapp/target/test-classes) by extension 'cmake'
[1.709s] Level 1:colcon.colcon_core.package_identification:_identify(webapp/target/test-classes) by extension 'python'
[1.709s] Level 1:colcon.colcon_core.package_identification:_identify(webapp/target/test-classes) by extensions ['python_setup_py']
[1.709s] Level 1:colcon.colcon_core.package_identification:_identify(webapp/target/test-classes) by extension 'python_setup_py'
[1.710s] Level 1:colcon.colcon_core.package_identification:_identify(webapp/target/test-classes/com) by extensions ['ignore', 'ignore_ament_install']
[1.710s] Level 1:colcon.colcon_core.package_identification:_identify(webapp/target/test-classes/com) by extension 'ignore'
[1.710s] Level 1:colcon.colcon_core.package_identification:_identify(webapp/target/test-classes/com) by extension 'ignore_ament_install'
[1.711s] Level 1:colcon.colcon_core.package_identification:_identify(webapp/target/test-classes/com) by extensions ['colcon_pkg']
[1.711s] Level 1:colcon.colcon_core.package_identification:_identify(webapp/target/test-classes/com) by extension 'colcon_pkg'
[1.711s] Level 1:colcon.colcon_core.package_identification:_identify(webapp/target/test-classes/com) by extensions ['colcon_meta']
[1.711s] Level 1:colcon.colcon_core.package_identification:_identify(webapp/target/test-classes/com) by extension 'colcon_meta'
[1.711s] Level 1:colcon.colcon_core.package_identification:_identify(webapp/target/test-classes/com) by extensions ['ros']
[1.711s] Level 1:colcon.colcon_core.package_identification:_identify(webapp/target/test-classes/com) by extension 'ros'
[1.712s] Level 1:colcon.colcon_core.package_identification:_identify(webapp/target/test-classes/com) by extensions ['cmake', 'python']
[1.712s] Level 1:colcon.colcon_core.package_identification:_identify(webapp/target/test-classes/com) by extension 'cmake'
[1.712s] Level 1:colcon.colcon_core.package_identification:_identify(webapp/target/test-classes/com) by extension 'python'
[1.712s] Level 1:colcon.colcon_core.package_identification:_identify(webapp/target/test-classes/com) by extensions ['python_setup_py']
[1.712s] Level 1:colcon.colcon_core.package_identification:_identify(webapp/target/test-classes/com) by extension 'python_setup_py'
[1.713s] Level 1:colcon.colcon_core.package_identification:_identify(webapp/target/test-classes/com/cmds) by extensions ['ignore', 'ignore_ament_install']
[1.713s] Level 1:colcon.colcon_core.package_identification:_identify(webapp/target/test-classes/com/cmds) by extension 'ignore'
[1.714s] Level 1:colcon.colcon_core.package_identification:_identify(webapp/target/test-classes/com/cmds) by extension 'ignore_ament_install'
[1.714s] Level 1:colcon.colcon_core.package_identification:_identify(webapp/target/test-classes/com/cmds) by extensions ['colcon_pkg']
[1.714s] Level 1:colcon.colcon_core.package_identification:_identify(webapp/target/test-classes/com/cmds) by extension 'colcon_pkg'
[1.714s] Level 1:colcon.colcon_core.package_identification:_identify(webapp/target/test-classes/com/cmds) by extensions ['colcon_meta']
[1.714s] Level 1:colcon.colcon_core.package_identification:_identify(webapp/target/test-classes/com/cmds) by extension 'colcon_meta'
[1.715s] Level 1:colcon.colcon_core.package_identification:_identify(webapp/target/test-classes/com/cmds) by extensions ['ros']
[1.715s] Level 1:colcon.colcon_core.package_identification:_identify(webapp/target/test-classes/com/cmds) by extension 'ros'
[1.715s] Level 1:colcon.colcon_core.package_identification:_identify(webapp/target/test-classes/com/cmds) by extensions ['cmake', 'python']
[1.715s] Level 1:colcon.colcon_core.package_identification:_identify(webapp/target/test-classes/com/cmds) by extension 'cmake'
[1.715s] Level 1:colcon.colcon_core.package_identification:_identify(webapp/target/test-classes/com/cmds) by extension 'python'
[1.716s] Level 1:colcon.colcon_core.package_identification:_identify(webapp/target/test-classes/com/cmds) by extensions ['python_setup_py']
[1.716s] Level 1:colcon.colcon_core.package_identification:_identify(webapp/target/test-classes/com/cmds) by extension 'python_setup_py'
[1.716s] Level 1:colcon.colcon_core.package_identification:_identify(webapp/target/test-classes/com/cmds/webapp) by extensions ['ignore', 'ignore_ament_install']
[1.717s] Level 1:colcon.colcon_core.package_identification:_identify(webapp/target/test-classes/com/cmds/webapp) by extension 'ignore'
[1.717s] Level 1:colcon.colcon_core.package_identification:_identify(webapp/target/test-classes/com/cmds/webapp) by extension 'ignore_ament_install'
[1.717s] Level 1:colcon.colcon_core.package_identification:_identify(webapp/target/test-classes/com/cmds/webapp) by extensions ['colcon_pkg']
[1.717s] Level 1:colcon.colcon_core.package_identification:_identify(webapp/target/test-classes/com/cmds/webapp) by extension 'colcon_pkg'
[1.718s] Level 1:colcon.colcon_core.package_identification:_identify(webapp/target/test-classes/com/cmds/webapp) by extensions ['colcon_meta']
[1.718s] Level 1:colcon.colcon_core.package_identification:_identify(webapp/target/test-classes/com/cmds/webapp) by extension 'colcon_meta'
[1.718s] Level 1:colcon.colcon_core.package_identification:_identify(webapp/target/test-classes/com/cmds/webapp) by extensions ['ros']
[1.718s] Level 1:colcon.colcon_core.package_identification:_identify(webapp/target/test-classes/com/cmds/webapp) by extension 'ros'
[1.719s] Level 1:colcon.colcon_core.package_identification:_identify(webapp/target/test-classes/com/cmds/webapp) by extensions ['cmake', 'python']
[1.719s] Level 1:colcon.colcon_core.package_identification:_identify(webapp/target/test-classes/com/cmds/webapp) by extension 'cmake'
[1.719s] Level 1:colcon.colcon_core.package_identification:_identify(webapp/target/test-classes/com/cmds/webapp) by extension 'python'
[1.719s] Level 1:colcon.colcon_core.package_identification:_identify(webapp/target/test-classes/com/cmds/webapp) by extensions ['python_setup_py']
[1.719s] Level 1:colcon.colcon_core.package_identification:_identify(webapp/target/test-classes/com/cmds/webapp) by extension 'python_setup_py'
[1.719s] Level 1:colcon.colcon_core.package_discovery:discover_packages(recursive) using defaults
[1.720s] Level 1:colcon.colcon_core.package_discovery:discover_packages(ignore) discover
[1.720s] Level 1:colcon.colcon_core.package_discovery:discover_packages(ignore) using defaults
[1.720s] Level 1:colcon.colcon_core.package_discovery:discover_packages(path) discover
[1.720s] Level 1:colcon.colcon_core.package_discovery:discover_packages(path) using defaults
[1.843s] Level 1:colcon.colcon_core.package_discovery:discover_packages(prefix_path) check parameters
[1.844s] Level 1:colcon.colcon_core.package_discovery:discover_packages(prefix_path) discover
[1.853s] DEBUG:colcon.colcon_installed_package_information.package_discovery:Found 2 installed packages in /home/capstone2526/cmdr_ws/install
[1.856s] DEBUG:colcon.colcon_installed_package_information.package_discovery:Found 1 installed packages in /home/capstone2526/cmdr_ws/src/carleton-mail-delivery-robot/install
[1.867s] DEBUG:colcon.colcon_installed_package_information.package_discovery:Found 277 installed packages in /opt/ros/humble
[1.875s] Level 1:colcon.colcon_core.package_discovery:discover_packages(prefix_path) using defaults
[2.067s] Level 5:colcon.colcon_core.verb:set package 'mail-delivery-robot' build argument 'cmake_args' from command line to 'None'
[2.067s] Level 5:colcon.colcon_core.verb:set package 'mail-delivery-robot' build argument 'cmake_target' from command line to 'None'
[2.067s] Level 5:colcon.colcon_core.verb:set package 'mail-delivery-robot' build argument 'cmake_target_skip_unavailable' from command line to 'False'
[2.067s] Level 5:colcon.colcon_core.verb:set package 'mail-delivery-robot' build argument 'cmake_clean_cache' from command line to 'False'
[2.067s] Level 5:colcon.colcon_core.verb:set package 'mail-delivery-robot' build argument 'cmake_clean_first' from command line to 'False'
[2.067s] Level 5:colcon.colcon_core.verb:set package 'mail-delivery-robot' build argument 'cmake_force_configure' from command line to 'False'
[2.067s] Level 5:colcon.colcon_core.verb:set package 'mail-delivery-robot' build argument 'ament_cmake_args' from command line to 'None'
[2.068s] Level 5:colcon.colcon_core.verb:set package 'mail-delivery-robot' build argument 'catkin_cmake_args' from command line to 'None'
[2.068s] Level 5:colcon.colcon_core.verb:set package 'mail-delivery-robot' build argument 'catkin_skip_building_tests' from command line to 'False'
[2.068s] DEBUG:colcon.colcon_core.verb:Building package 'mail-delivery-robot' with the following arguments: {'ament_cmake_args': None, 'build_base': '/home/capstone2526/cmdr_ws/src/carleton-mail-delivery-robot/build/mail-delivery-robot', 'catkin_cmake_args': None, 'catkin_skip_building_tests': False, 'cmake_args': None, 'cmake_clean_cache': False, 'cmake_clean_first': False, 'cmake_force_configure': False, 'cmake_target': None, 'cmake_target_skip_unavailable': False, 'install_base': '/home/capstone2526/cmdr_ws/src/carleton-mail-delivery-robot/install/mail-delivery-robot', 'merge_install': False, 'path': '/home/capstone2526/cmdr_ws/src/carleton-mail-delivery-robot/mail-delivery-robot', 'symlink_install': False, 'test_result_base': None}
[2.068s] INFO:colcon.colcon_core.executor:Executing jobs using 'parallel' executor
[2.072s] DEBUG:colcon.colcon_parallel_executor.executor.parallel:run_until_complete
[2.073s] INFO:colcon.colcon_ros.task.ament_python.build:Building ROS package in '/home/capstone2526/cmdr_ws/src/carleton-mail-delivery-robot/mail-delivery-robot' with build type 'ament_python'
[2.074s] Level 1:colcon.colcon_core.shell:create_environment_hook('mail-delivery-robot', 'ament_prefix_path')
[2.084s] INFO:colcon.colcon_core.plugin_system:Skipping extension 'colcon_core.shell.bat': Not used on non-Windows systems
[2.085s] INFO:colcon.colcon_core.shell:Creating environment hook '/home/capstone2526/cmdr_ws/src/carleton-mail-delivery-robot/install/mail-delivery-robot/share/mail-delivery-robot/hook/ament_prefix_path.ps1'
[2.088s] INFO:colcon.colcon_core.shell:Creating environment descriptor '/home/capstone2526/cmdr_ws/src/carleton-mail-delivery-robot/install/mail-delivery-robot/share/mail-delivery-robot/hook/ament_prefix_path.dsv'
[2.090s] INFO:colcon.colcon_core.shell:Creating environment hook '/home/capstone2526/cmdr_ws/src/carleton-mail-delivery-robot/install/mail-delivery-robot/share/mail-delivery-robot/hook/ament_prefix_path.sh'
[2.095s] INFO:colcon.colcon_core.shell:Skip shell extension 'powershell' for command environment: Not usable outside of PowerShell
[2.095s] DEBUG:colcon.colcon_core.shell:Skip shell extension 'dsv' for command environment
[3.483s] INFO:colcon.colcon_core.task.python.build:Building Python package in '/home/capstone2526/cmdr_ws/src/carleton-mail-delivery-robot/mail-delivery-robot'
[3.484s] INFO:colcon.colcon_core.shell:Skip shell extension 'powershell' for command environment: Not usable outside of PowerShell
[3.484s] DEBUG:colcon.colcon_core.shell:Skip shell extension 'dsv' for command environment
[5.366s] DEBUG:colcon.colcon_core.event_handler.log_command:Invoking command in '/home/capstone2526/cmdr_ws/src/carleton-mail-delivery-robot/mail-delivery-robot': PYTHONPATH=/home/capstone2526/cmdr_ws/src/carleton-mail-delivery-robot/build/mail-delivery-robot/prefix_override:/usr/lib/python3/dist-packages/colcon_core/task/python/colcon_distutils_commands:/home/capstone2526/cmdr_ws/src/carleton-mail-delivery-robot/install/mail-delivery-robot/lib/python3.10/site-packages:${PYTHONPATH} /usr/bin/python3 -W ignore:setup.py install is deprecated -W ignore:easy_install command is deprecated setup.py egg_info --egg-base ../build/mail-delivery-robot build --build-base /home/capstone2526/cmdr_ws/src/carleton-mail-delivery-robot/build/mail-delivery-robot/build install --record /home/capstone2526/cmdr_ws/src/carleton-mail-delivery-robot/build/mail-delivery-robot/install.log --single-version-externally-managed install_data
[6.959s] DEBUG:colcon.colcon_core.event_handler.log_command:Invoked command in '/home/capstone2526/cmdr_ws/src/carleton-mail-delivery-robot/mail-delivery-robot' returned '0': PYTHONPATH=/home/capstone2526/cmdr_ws/src/carleton-mail-delivery-robot/build/mail-delivery-robot/prefix_override:/usr/lib/python3/dist-packages/colcon_core/task/python/colcon_distutils_commands:/home/capstone2526/cmdr_ws/src/carleton-mail-delivery-robot/install/mail-delivery-robot/lib/python3.10/site-packages:${PYTHONPATH} /usr/bin/python3 -W ignore:setup.py install is deprecated -W ignore:easy_install command is deprecated setup.py egg_info --egg-base ../build/mail-delivery-robot build --build-base /home/capstone2526/cmdr_ws/src/carleton-mail-delivery-robot/build/mail-delivery-robot/build install --record /home/capstone2526/cmdr_ws/src/carleton-mail-delivery-robot/build/mail-delivery-robot/install.log --single-version-externally-managed install_data
[6.971s] Level 1:colcon.colcon_core.environment:checking '/home/capstone2526/cmdr_ws/src/carleton-mail-delivery-robot/install/mail-delivery-robot' for CMake module files
[6.976s] Level 1:colcon.colcon_core.environment:checking '/home/capstone2526/cmdr_ws/src/carleton-mail-delivery-robot/install/mail-delivery-robot' for CMake config files
[6.985s] Level 1:colcon.colcon_core.environment:checking '/home/capstone2526/cmdr_ws/src/carleton-mail-delivery-robot/install/mail-delivery-robot/lib'
[6.986s] Level 1:colcon.colcon_core.environment:checking '/home/capstone2526/cmdr_ws/src/carleton-mail-delivery-robot/install/mail-delivery-robot/bin'
[6.986s] Level 1:colcon.colcon_core.environment:checking '/home/capstone2526/cmdr_ws/src/carleton-mail-delivery-robot/install/mail-delivery-robot/lib/pkgconfig/mail-delivery-robot.pc'
[6.987s] Level 1:colcon.colcon_core.environment:checking '/home/capstone2526/cmdr_ws/src/carleton-mail-delivery-robot/install/mail-delivery-robot/lib/python3.10/site-packages'
[6.987s] Level 1:colcon.colcon_core.shell:create_environment_hook('mail-delivery-robot', 'pythonpath')
[6.988s] INFO:colcon.colcon_core.shell:Creating environment hook '/home/capstone2526/cmdr_ws/src/carleton-mail-delivery-robot/install/mail-delivery-robot/share/mail-delivery-robot/hook/pythonpath.ps1'
[6.990s] INFO:colcon.colcon_core.shell:Creating environment descriptor '/home/capstone2526/cmdr_ws/src/carleton-mail-delivery-robot/install/mail-delivery-robot/share/mail-delivery-robot/hook/pythonpath.dsv'
[6.992s] INFO:colcon.colcon_core.shell:Creating environment hook '/home/capstone2526/cmdr_ws/src/carleton-mail-delivery-robot/install/mail-delivery-robot/share/mail-delivery-robot/hook/pythonpath.sh'
[6.995s] Level 1:colcon.colcon_core.environment:checking '/home/capstone2526/cmdr_ws/src/carleton-mail-delivery-robot/install/mail-delivery-robot/bin'
[6.996s] Level 1:colcon.colcon_core.environment:create_environment_scripts_only(mail-delivery-robot)
[6.997s] INFO:colcon.colcon_core.shell:Creating package script '/home/capstone2526/cmdr_ws/src/carleton-mail-delivery-robot/install/mail-delivery-robot/share/mail-delivery-robot/package.ps1'
[7.002s] INFO:colcon.colcon_core.shell:Creating package descriptor '/home/capstone2526/cmdr_ws/src/carleton-mail-delivery-robot/install/mail-delivery-robot/share/mail-delivery-robot/package.dsv'
[7.005s] INFO:colcon.colcon_core.shell:Creating package script '/home/capstone2526/cmdr_ws/src/carleton-mail-delivery-robot/install/mail-delivery-robot/share/mail-delivery-robot/package.sh'
[7.009s] INFO:colcon.colcon_core.shell:Creating package script '/home/capstone2526/cmdr_ws/src/carleton-mail-delivery-robot/install/mail-delivery-robot/share/mail-delivery-robot/package.bash'
[7.012s] INFO:colcon.colcon_core.shell:Creating package script '/home/capstone2526/cmdr_ws/src/carleton-mail-delivery-robot/install/mail-delivery-robot/share/mail-delivery-robot/package.zsh'
[7.016s] Level 1:colcon.colcon_core.environment:create_file_with_runtime_dependencies(/home/capstone2526/cmdr_ws/src/carleton-mail-delivery-robot/install/mail-delivery-robot/share/colcon-core/packages/mail-delivery-robot)
[7.017s] DEBUG:colcon.colcon_parallel_executor.executor.parallel:closing loop
[7.019s] DEBUG:colcon.colcon_parallel_executor.executor.parallel:loop closed
[7.019s] DEBUG:colcon.colcon_parallel_executor.executor.parallel:run_until_complete finished with '0'
[7.020s] DEBUG:colcon.colcon_core.event_reactor:joining thread
[7.043s] INFO:colcon.colcon_core.plugin_system:Skipping extension 'colcon_notification.desktop_notification.notify_send': Could not find 'notify-send'
[7.043s] INFO:colcon.colcon_core.plugin_system:Skipping extension 'colcon_notification.desktop_notification.terminal_notifier': Not used on non-Darwin systems
[7.044s] INFO:colcon.colcon_core.plugin_system:Skipping extension 'colcon_notification.desktop_notification.win32': Not used on non-Windows systems
[7.044s] INFO:colcon.colcon_notification.desktop_notification:Sending desktop notification using 'notify2'
[7.047s] DEBUG:colcon.colcon_notification.desktop_notification.notify2:Failed to initialize notify2: org.freedesktop.DBus.Error.ServiceUnknown: The name org.freedesktop.Notifications was not provided by any .service files
[7.047s] DEBUG:colcon.colcon_core.event_reactor:joined thread
[7.048s] INFO:colcon.colcon_core.shell:Creating prefix script '/home/capstone2526/cmdr_ws/src/carleton-mail-delivery-robot/install/local_setup.ps1'
[7.052s] INFO:colcon.colcon_core.shell:Creating prefix util module '/home/capstone2526/cmdr_ws/src/carleton-mail-delivery-robot/install/_local_setup_util_ps1.py'
[7.059s] INFO:colcon.colcon_core.shell:Creating prefix chain script '/home/capstone2526/cmdr_ws/src/carleton-mail-delivery-robot/install/setup.ps1'
[7.067s] INFO:colcon.colcon_core.shell:Creating prefix script '/home/capstone2526/cmdr_ws/src/carleton-mail-delivery-robot/install/local_setup.sh'
[7.070s] INFO:colcon.colcon_core.shell:Creating prefix util module '/home/capstone2526/cmdr_ws/src/carleton-mail-delivery-robot/install/_local_setup_util_sh.py'
[7.073s] INFO:colcon.colcon_core.shell:Creating prefix chain script '/home/capstone2526/cmdr_ws/src/carleton-mail-delivery-robot/install/setup.sh'
[7.079s] INFO:colcon.colcon_core.shell:Creating prefix script '/home/capstone2526/cmdr_ws/src/carleton-mail-delivery-robot/install/local_setup.bash'
[7.081s] INFO:colcon.colcon_core.shell:Creating prefix chain script '/home/capstone2526/cmdr_ws/src/carleton-mail-delivery-robot/install/setup.bash'
[7.087s] INFO:colcon.colcon_core.shell:Creating prefix script '/home/capstone2526/cmdr_ws/src/carleton-mail-delivery-robot/install/local_setup.zsh'
[7.089s] INFO:colcon.colcon_core.shell:Creating prefix chain script '/home/capstone2526/cmdr_ws/src/carleton-mail-delivery-robot/install/setup.zsh'
