[0.822s] DEBUG:colcon:Command line arguments: ['/usr/bin/colcon', 'build']
[0.823s] DEBUG:colcon:Parsed command line arguments: Namespace(log_base=None, log_level=None, verb_name='build', build_base='build', install_base='install', merge_install=False, symlink_install=False, test_result_base=None, continue_on_error=False, executor='parallel', parallel_workers=4, event_handlers=None, ignore_user_meta=False, metas=['./colcon.meta'], base_paths=['.'], packages_ignore=None, packages_ignore_regex=None, paths=None, packages_up_to=None, packages_up_to_regex=None, packages_above=None, packages_above_and_dependencies=None, packages_above_depth=None, packages_select_by_dep=None, packages_skip_by_dep=None, packages_skip_up_to=None, packages_select_build_failed=False, packages_skip_build_finished=False, packages_select_test_failures=False, packages_skip_test_passed=False, packages_select=None, packages_skip=None, packages_select_regex=None, packages_skip_regex=None, packages_start=None, packages_end=None, allow_overriding=[], cmake_args=None, cmake_target=None, cmake_target_skip_unavailable=False, cmake_clean_cache=False, cmake_clean_first=False, cmake_force_configure=False, ament_cmake_args=None, catkin_cmake_args=None, catkin_skip_building_tests=False, mixin_files=None, mixin=None, verb_parser=<colcon_mixin.mixin.mixin_argument.MixinArgumentDecorator object at 0xffffa953dff0>, verb_extension=<colcon_core.verb.build.BuildVerb object at 0xffffa96e2f80>, main=<bound method BuildVerb.main of <colcon_core.verb.build.BuildVerb object at 0xffffa96e2f80>>, mixin_verb=('build',))
[2.300s] Level 1:colcon.colcon_core.package_discovery:discover_packages(colcon_meta) check parameters
[2.300s] Level 1:colcon.colcon_core.package_discovery:discover_packages(recursive) check parameters
[2.300s] Level 1:colcon.colcon_core.package_discovery:discover_packages(ignore) check parameters
[2.300s] Level 1:colcon.colcon_core.package_discovery:discover_packages(path) check parameters
[2.301s] Level 1:colcon.colcon_core.package_discovery:discover_packages(colcon_meta) discover
[2.301s] Level 1:colcon.colcon_core.package_discovery:discover_packages(recursive) discover
[2.301s] INFO:colcon.colcon_core.package_discovery:Crawling recursively for packages in '/home/capstone2526/cmdr_ws/src/carleton-mail-delivery-robot'
[2.302s] Level 1:colcon.colcon_core.package_identification:_identify(.) by extensions ['ignore', 'ignore_ament_install']
[2.302s] Level 1:colcon.colcon_core.package_identification:_identify(.) by extension 'ignore'
[2.303s] Level 1:colcon.colcon_core.package_identification:_identify(.) by extension 'ignore_ament_install'
[2.303s] Level 1:colcon.colcon_core.package_identification:_identify(.) by extensions ['colcon_pkg']
[2.303s] Level 1:colcon.colcon_core.package_identification:_identify(.) by extension 'colcon_pkg'
[2.303s] Level 1:colcon.colcon_core.package_identification:_identify(.) by extensions ['colcon_meta']
[2.304s] Level 1:colcon.colcon_core.package_identification:_identify(.) by extension 'colcon_meta'
[2.304s] Level 1:colcon.colcon_core.package_identification:_identify(.) by extensions ['ros']
[2.304s] Level 1:colcon.colcon_core.package_identification:_identify(.) by extension 'ros'
[2.387s] Level 1:colcon.colcon_core.package_identification:_identify(.) by extensions ['cmake', 'python']
[2.387s] Level 1:colcon.colcon_core.package_identification:_identify(.) by extension 'cmake'
[2.388s] Level 1:colcon.colcon_core.package_identification:_identify(.) by extension 'python'
[2.388s] Level 1:colcon.colcon_core.package_identification:_identify(.) by extensions ['python_setup_py']
[2.388s] Level 1:colcon.colcon_core.package_identification:_identify(.) by extension 'python_setup_py'
[2.388s] Level 1:colcon.colcon_core.package_identification:_identify(build) by extensions ['ignore', 'ignore_ament_install']
[2.389s] Level 1:colcon.colcon_core.package_identification:_identify(build) by extension 'ignore'
[2.389s] Level 1:colcon.colcon_core.package_identification:_identify(build) ignored
[2.390s] Level 1:colcon.colcon_core.package_identification:_identify(documents) by extensions ['ignore', 'ignore_ament_install']
[2.390s] Level 1:colcon.colcon_core.package_identification:_identify(documents) by extension 'ignore'
[2.390s] Level 1:colcon.colcon_core.package_identification:_identify(documents) by extension 'ignore_ament_install'
[2.390s] Level 1:colcon.colcon_core.package_identification:_identify(documents) by extensions ['colcon_pkg']
[2.391s] Level 1:colcon.colcon_core.package_identification:_identify(documents) by extension 'colcon_pkg'
[2.391s] Level 1:colcon.colcon_core.package_identification:_identify(documents) by extensions ['colcon_meta']
[2.391s] Level 1:colcon.colcon_core.package_identification:_identify(documents) by extension 'colcon_meta'
[2.391s] Level 1:colcon.colcon_core.package_identification:_identify(documents) by extensions ['ros']
[2.391s] Level 1:colcon.colcon_core.package_identification:_identify(documents) by extension 'ros'
[2.392s] Level 1:colcon.colcon_core.package_identification:_identify(documents) by extensions ['cmake', 'python']
[2.392s] Level 1:colcon.colcon_core.package_identification:_identify(documents) by extension 'cmake'
[2.392s] Level 1:colcon.colcon_core.package_identification:_identify(documents) by extension 'python'
[2.392s] Level 1:colcon.colcon_core.package_identification:_identify(documents) by extensions ['python_setup_py']
[2.393s] Level 1:colcon.colcon_core.package_identification:_identify(documents) by extension 'python_setup_py'
[2.393s] Level 1:colcon.colcon_core.package_identification:_identify(install) by extensions ['ignore', 'ignore_ament_install']
[2.394s] Level 1:colcon.colcon_core.package_identification:_identify(install) by extension 'ignore'
[2.394s] Level 1:colcon.colcon_core.package_identification:_identify(install) ignored
[2.394s] Level 1:colcon.colcon_core.package_identification:_identify(log) by extensions ['ignore', 'ignore_ament_install']
[2.395s] Level 1:colcon.colcon_core.package_identification:_identify(log) by extension 'ignore'
[2.395s] Level 1:colcon.colcon_core.package_identification:_identify(log) ignored
[2.395s] Level 1:colcon.colcon_core.package_identification:_identify(mail-delivery-robot) by extensions ['ignore', 'ignore_ament_install']
[2.396s] Level 1:colcon.colcon_core.package_identification:_identify(mail-delivery-robot) by extension 'ignore'
[2.396s] Level 1:colcon.colcon_core.package_identification:_identify(mail-delivery-robot) by extension 'ignore_ament_install'
[2.396s] Level 1:colcon.colcon_core.package_identification:_identify(mail-delivery-robot) by extensions ['colcon_pkg']
[2.396s] Level 1:colcon.colcon_core.package_identification:_identify(mail-delivery-robot) by extension 'colcon_pkg'
[2.396s] Level 1:colcon.colcon_core.package_identification:_identify(mail-delivery-robot) by extensions ['colcon_meta']
[2.397s] Level 1:colcon.colcon_core.package_identification:_identify(mail-delivery-robot) by extension 'colcon_meta'
[2.397s] Level 1:colcon.colcon_core.package_identification:_identify(mail-delivery-robot) by extensions ['ros']
[2.397s] Level 1:colcon.colcon_core.package_identification:_identify(mail-delivery-robot) by extension 'ros'
[2.413s] DEBUG:colcon.colcon_core.package_identification:Package 'mail-delivery-robot' with type 'ros.ament_python' and name 'mail-delivery-robot'
[2.414s] Level 1:colcon.colcon_core.package_identification:_identify(webapp) by extensions ['ignore', 'ignore_ament_install']
[2.415s] Level 1:colcon.colcon_core.package_identification:_identify(webapp) by extension 'ignore'
[2.416s] Level 1:colcon.colcon_core.package_identification:_identify(webapp) by extension 'ignore_ament_install'
[2.416s] Level 1:colcon.colcon_core.package_identification:_identify(webapp) by extensions ['colcon_pkg']
[2.416s] Level 1:colcon.colcon_core.package_identification:_identify(webapp) by extension 'colcon_pkg'
[2.417s] Level 1:colcon.colcon_core.package_identification:_identify(webapp) by extensions ['colcon_meta']
[2.417s] Level 1:colcon.colcon_core.package_identification:_identify(webapp) by extension 'colcon_meta'
[2.417s] Level 1:colcon.colcon_core.package_identification:_identify(webapp) by extensions ['ros']
[2.417s] Level 1:colcon.colcon_core.package_identification:_identify(webapp) by extension 'ros'
[2.418s] Level 1:colcon.colcon_core.package_identification:_identify(webapp) by extensions ['cmake', 'python']
[2.418s] Level 1:colcon.colcon_core.package_identification:_identify(webapp) by extension 'cmake'
[2.418s] Level 1:colcon.colcon_core.package_identification:_identify(webapp) by extension 'python'
[2.418s] Level 1:colcon.colcon_core.package_identification:_identify(webapp) by extensions ['python_setup_py']
[2.419s] Level 1:colcon.colcon_core.package_identification:_identify(webapp) by extension 'python_setup_py'
[2.419s] Level 1:colcon.colcon_core.package_identification:_identify(webapp/src) by extensions ['ignore', 'ignore_ament_install']
[2.420s] Level 1:colcon.colcon_core.package_identification:_identify(webapp/src) by extension 'ignore'
[2.420s] Level 1:colcon.colcon_core.package_identification:_identify(webapp/src) by extension 'ignore_ament_install'
[2.420s] Level 1:colcon.colcon_core.package_identification:_identify(webapp/src) by extensions ['colcon_pkg']
[2.420s] Level 1:colcon.colcon_core.package_identification:_identify(webapp/src) by extension 'colcon_pkg'
[2.420s] Level 1:colcon.colcon_core.package_identification:_identify(webapp/src) by extensions ['colcon_meta']
[2.421s] Level 1:colcon.colcon_core.package_identification:_identify(webapp/src) by extension 'colcon_meta'
[2.421s] Level 1:colcon.colcon_core.package_identification:_identify(webapp/src) by extensions ['ros']
[2.421s] Level 1:colcon.colcon_core.package_identification:_identify(webapp/src) by extension 'ros'
[2.421s] Level 1:colcon.colcon_core.package_identification:_identify(webapp/src) by extensions ['cmake', 'python']
[2.422s] Level 1:colcon.colcon_core.package_identification:_identify(webapp/src) by extension 'cmake'
[2.422s] Level 1:colcon.colcon_core.package_identification:_identify(webapp/src) by extension 'python'
[2.422s] Level 1:colcon.colcon_core.package_identification:_identify(webapp/src) by extensions ['python_setup_py']
[2.422s] Level 1:colcon.colcon_core.package_identification:_identify(webapp/src) by extension 'python_setup_py'
[2.423s] Level 1:colcon.colcon_core.package_identification:_identify(webapp/src/main) by extensions ['ignore', 'ignore_ament_install']
[2.423s] Level 1:colcon.colcon_core.package_identification:_identify(webapp/src/main) by extension 'ignore'
[2.423s] Level 1:colcon.colcon_core.package_identification:_identify(webapp/src/main) by extension 'ignore_ament_install'
[2.424s] Level 1:colcon.colcon_core.package_identification:_identify(webapp/src/main) by extensions ['colcon_pkg']
[2.424s] Level 1:colcon.colcon_core.package_identification:_identify(webapp/src/main) by extension 'colcon_pkg'
[2.424s] Level 1:colcon.colcon_core.package_identification:_identify(webapp/src/main) by extensions ['colcon_meta']
[2.424s] Level 1:colcon.colcon_core.package_identification:_identify(webapp/src/main) by extension 'colcon_meta'
[2.424s] Level 1:colcon.colcon_core.package_identification:_identify(webapp/src/main) by extensions ['ros']
[2.424s] Level 1:colcon.colcon_core.package_identification:_identify(webapp/src/main) by extension 'ros'
[2.425s] Level 1:colcon.colcon_core.package_identification:_identify(webapp/src/main) by extensions ['cmake', 'python']
[2.425s] Level 1:colcon.colcon_core.package_identification:_identify(webapp/src/main) by extension 'cmake'
[2.425s] Level 1:colcon.colcon_core.package_identification:_identify(webapp/src/main) by extension 'python'
[2.426s] Level 1:colcon.colcon_core.package_identification:_identify(webapp/src/main) by extensions ['python_setup_py']
[2.426s] Level 1:colcon.colcon_core.package_identification:_identify(webapp/src/main) by extension 'python_setup_py'
[2.426s] Level 1:colcon.colcon_core.package_identification:_identify(webapp/src/main/java) by extensions ['ignore', 'ignore_ament_install']
[2.427s] Level 1:colcon.colcon_core.package_identification:_identify(webapp/src/main/java) by extension 'ignore'
[2.427s] Level 1:colcon.colcon_core.package_identification:_identify(webapp/src/main/java) by extension 'ignore_ament_install'
[2.427s] Level 1:colcon.colcon_core.package_identification:_identify(webapp/src/main/java) by extensions ['colcon_pkg']
[2.427s] Level 1:colcon.colcon_core.package_identification:_identify(webapp/src/main/java) by extension 'colcon_pkg'
[2.428s] Level 1:colcon.colcon_core.package_identification:_identify(webapp/src/main/java) by extensions ['colcon_meta']
[2.428s] Level 1:colcon.colcon_core.package_identification:_identify(webapp/src/main/java) by extension 'colcon_meta'
[2.428s] Level 1:colcon.colcon_core.package_identification:_identify(webapp/src/main/java) by extensions ['ros']
[2.428s] Level 1:colcon.colcon_core.package_identification:_identify(webapp/src/main/java) by extension 'ros'
[2.429s] Level 1:colcon.colcon_core.package_identification:_identify(webapp/src/main/java) by extensions ['cmake', 'python']
[2.429s] Level 1:colcon.colcon_core.package_identification:_identify(webapp/src/main/java) by extension 'cmake'
[2.429s] Level 1:colcon.colcon_core.package_identification:_identify(webapp/src/main/java) by extension 'python'
[2.429s] Level 1:colcon.colcon_core.package_identification:_identify(webapp/src/main/java) by extensions ['python_setup_py']
[2.429s] Level 1:colcon.colcon_core.package_identification:_identify(webapp/src/main/java) by extension 'python_setup_py'
[2.430s] Level 1:colcon.colcon_core.package_identification:_identify(webapp/src/main/java/com) by extensions ['ignore', 'ignore_ament_install']
[2.430s] Level 1:colcon.colcon_core.package_identification:_identify(webapp/src/main/java/com) by extension 'ignore'
[2.431s] Level 1:colcon.colcon_core.package_identification:_identify(webapp/src/main/java/com) by extension 'ignore_ament_install'
[2.431s] Level 1:colcon.colcon_core.package_identification:_identify(webapp/src/main/java/com) by extensions ['colcon_pkg']
[2.431s] Level 1:colcon.colcon_core.package_identification:_identify(webapp/src/main/java/com) by extension 'colcon_pkg'
[2.431s] Level 1:colcon.colcon_core.package_identification:_identify(webapp/src/main/java/com) by extensions ['colcon_meta']
[2.431s] Level 1:colcon.colcon_core.package_identification:_identify(webapp/src/main/java/com) by extension 'colcon_meta'
[2.432s] Level 1:colcon.colcon_core.package_identification:_identify(webapp/src/main/java/com) by extensions ['ros']
[2.432s] Level 1:colcon.colcon_core.package_identification:_identify(webapp/src/main/java/com) by extension 'ros'
[2.432s] Level 1:colcon.colcon_core.package_identification:_identify(webapp/src/main/java/com) by extensions ['cmake', 'python']
[2.432s] Level 1:colcon.colcon_core.package_identification:_identify(webapp/src/main/java/com) by extension 'cmake'
[2.433s] Level 1:colcon.colcon_core.package_identification:_identify(webapp/src/main/java/com) by extension 'python'
[2.433s] Level 1:colcon.colcon_core.package_identification:_identify(webapp/src/main/java/com) by extensions ['python_setup_py']
[2.433s] Level 1:colcon.colcon_core.package_identification:_identify(webapp/src/main/java/com) by extension 'python_setup_py'
[2.433s] Level 1:colcon.colcon_core.package_identification:_identify(webapp/src/main/java/com/cmds) by extensions ['ignore', 'ignore_ament_install']
[2.434s] Level 1:colcon.colcon_core.package_identification:_identify(webapp/src/main/java/com/cmds) by extension 'ignore'
[2.434s] Level 1:colcon.colcon_core.package_identification:_identify(webapp/src/main/java/com/cmds) by extension 'ignore_ament_install'
[2.434s] Level 1:colcon.colcon_core.package_identification:_identify(webapp/src/main/java/com/cmds) by extensions ['colcon_pkg']
[2.434s] Level 1:colcon.colcon_core.package_identification:_identify(webapp/src/main/java/com/cmds) by extension 'colcon_pkg'
[2.435s] Level 1:colcon.colcon_core.package_identification:_identify(webapp/src/main/java/com/cmds) by extensions ['colcon_meta']
[2.435s] Level 1:colcon.colcon_core.package_identification:_identify(webapp/src/main/java/com/cmds) by extension 'colcon_meta'
[2.435s] Level 1:colcon.colcon_core.package_identification:_identify(webapp/src/main/java/com/cmds) by extensions ['ros']
[2.435s] Level 1:colcon.colcon_core.package_identification:_identify(webapp/src/main/java/com/cmds) by extension 'ros'
[2.436s] Level 1:colcon.colcon_core.package_identification:_identify(webapp/src/main/java/com/cmds) by extensions ['cmake', 'python']
[2.436s] Level 1:colcon.colcon_core.package_identification:_identify(webapp/src/main/java/com/cmds) by extension 'cmake'
[2.436s] Level 1:colcon.colcon_core.package_identification:_identify(webapp/src/main/java/com/cmds) by extension 'python'
[2.436s] Level 1:colcon.colcon_core.package_identification:_identify(webapp/src/main/java/com/cmds) by extensions ['python_setup_py']
[2.436s] Level 1:colcon.colcon_core.package_identification:_identify(webapp/src/main/java/com/cmds) by extension 'python_setup_py'
[2.437s] Level 1:colcon.colcon_core.package_identification:_identify(webapp/src/main/java/com/cmds/webapp) by extensions ['ignore', 'ignore_ament_install']
[2.437s] Level 1:colcon.colcon_core.package_identification:_identify(webapp/src/main/java/com/cmds/webapp) by extension 'ignore'
[2.438s] Level 1:colcon.colcon_core.package_identification:_identify(webapp/src/main/java/com/cmds/webapp) by extension 'ignore_ament_install'
[2.438s] Level 1:colcon.colcon_core.package_identification:_identify(webapp/src/main/java/com/cmds/webapp) by extensions ['colcon_pkg']
[2.438s] Level 1:colcon.colcon_core.package_identification:_identify(webapp/src/main/java/com/cmds/webapp) by extension 'colcon_pkg'
[2.438s] Level 1:colcon.colcon_core.package_identification:_identify(webapp/src/main/java/com/cmds/webapp) by extensions ['colcon_meta']
[2.438s] Level 1:colcon.colcon_core.package_identification:_identify(webapp/src/main/java/com/cmds/webapp) by extension 'colcon_meta'
[2.439s] Level 1:colcon.colcon_core.package_identification:_identify(webapp/src/main/java/com/cmds/webapp) by extensions ['ros']
[2.439s] Level 1:colcon.colcon_core.package_identification:_identify(webapp/src/main/java/com/cmds/webapp) by extension 'ros'
[2.439s] Level 1:colcon.colcon_core.package_identification:_identify(webapp/src/main/java/com/cmds/webapp) by extensions ['cmake', 'python']
[2.440s] Level 1:colcon.colcon_core.package_identification:_identify(webapp/src/main/java/com/cmds/webapp) by extension 'cmake'
[2.440s] Level 1:colcon.colcon_core.package_identification:_identify(webapp/src/main/java/com/cmds/webapp) by extension 'python'
[2.440s] Level 1:colcon.colcon_core.package_identification:_identify(webapp/src/main/java/com/cmds/webapp) by extensions ['python_setup_py']
[2.440s] Level 1:colcon.colcon_core.package_identification:_identify(webapp/src/main/java/com/cmds/webapp) by extension 'python_setup_py'
[2.441s] Level 1:colcon.colcon_core.package_identification:_identify(webapp/src/main/java/com/cmds/webapp/aspect) by extensions ['ignore', 'ignore_ament_install']
[2.441s] Level 1:colcon.colcon_core.package_identification:_identify(webapp/src/main/java/com/cmds/webapp/aspect) by extension 'ignore'
[2.441s] Level 1:colcon.colcon_core.package_identification:_identify(webapp/src/main/java/com/cmds/webapp/aspect) by extension 'ignore_ament_install'
[2.442s] Level 1:colcon.colcon_core.package_identification:_identify(webapp/src/main/java/com/cmds/webapp/aspect) by extensions ['colcon_pkg']
[2.442s] Level 1:colcon.colcon_core.package_identification:_identify(webapp/src/main/java/com/cmds/webapp/aspect) by extension 'colcon_pkg'
[2.442s] Level 1:colcon.colcon_core.package_identification:_identify(webapp/src/main/java/com/cmds/webapp/aspect) by extensions ['colcon_meta']
[2.442s] Level 1:colcon.colcon_core.package_identification:_identify(webapp/src/main/java/com/cmds/webapp/aspect) by extension 'colcon_meta'
[2.442s] Level 1:colcon.colcon_core.package_identification:_identify(webapp/src/main/java/com/cmds/webapp/aspect) by extensions ['ros']
[2.443s] Level 1:colcon.colcon_core.package_identification:_identify(webapp/src/main/java/com/cmds/webapp/aspect) by extension 'ros'
[2.443s] Level 1:colcon.colcon_core.package_identification:_identify(webapp/src/main/java/com/cmds/webapp/aspect) by extensions ['cmake', 'python']
[2.443s] Level 1:colcon.colcon_core.package_identification:_identify(webapp/src/main/java/com/cmds/webapp/aspect) by extension 'cmake'
[2.443s] Level 1:colcon.colcon_core.package_identification:_identify(webapp/src/main/java/com/cmds/webapp/aspect) by extension 'python'
[2.444s] Level 1:colcon.colcon_core.package_identification:_identify(webapp/src/main/java/com/cmds/webapp/aspect) by extensions ['python_setup_py']
[2.444s] Level 1:colcon.colcon_core.package_identification:_identify(webapp/src/main/java/com/cmds/webapp/aspect) by extension 'python_setup_py'
[2.445s] Level 1:colcon.colcon_core.package_identification:_identify(webapp/src/main/java/com/cmds/webapp/controllers) by extensions ['ignore', 'ignore_ament_install']
[2.445s] Level 1:colcon.colcon_core.package_identification:_identify(webapp/src/main/java/com/cmds/webapp/controllers) by extension 'ignore'
[2.445s] Level 1:colcon.colcon_core.package_identification:_identify(webapp/src/main/java/com/cmds/webapp/controllers) by extension 'ignore_ament_install'
[2.445s] Level 1:colcon.colcon_core.package_identification:_identify(webapp/src/main/java/com/cmds/webapp/controllers) by extensions ['colcon_pkg']
[2.446s] Level 1:colcon.colcon_core.package_identification:_identify(webapp/src/main/java/com/cmds/webapp/controllers) by extension 'colcon_pkg'
[2.446s] Level 1:colcon.colcon_core.package_identification:_identify(webapp/src/main/java/com/cmds/webapp/controllers) by extensions ['colcon_meta']
[2.446s] Level 1:colcon.colcon_core.package_identification:_identify(webapp/src/main/java/com/cmds/webapp/controllers) by extension 'colcon_meta'
[2.446s] Level 1:colcon.colcon_core.package_identification:_identify(webapp/src/main/java/com/cmds/webapp/controllers) by extensions ['ros']
[2.446s] Level 1:colcon.colcon_core.package_identification:_identify(webapp/src/main/java/com/cmds/webapp/controllers) by extension 'ros'
[2.447s] Level 1:colcon.colcon_core.package_identification:_identify(webapp/src/main/java/com/cmds/webapp/controllers) by extensions ['cmake', 'python']
[2.447s] Level 1:colcon.colcon_core.package_identification:_identify(webapp/src/main/java/com/cmds/webapp/controllers) by extension 'cmake'
[2.447s] Level 1:colcon.colcon_core.package_identification:_identify(webapp/src/main/java/com/cmds/webapp/controllers) by extension 'python'
[2.447s] Level 1:colcon.colcon_core.package_identification:_identify(webapp/src/main/java/com/cmds/webapp/controllers) by extensions ['python_setup_py']
[2.448s] Level 1:colcon.colcon_core.package_identification:_identify(webapp/src/main/java/com/cmds/webapp/controllers) by extension 'python_setup_py'
[2.448s] Level 1:colcon.colcon_core.package_identification:_identify(webapp/src/main/java/com/cmds/webapp/models) by extensions ['ignore', 'ignore_ament_install']
[2.449s] Level 1:colcon.colcon_core.package_identification:_identify(webapp/src/main/java/com/cmds/webapp/models) by extension 'ignore'
[2.449s] Level 1:colcon.colcon_core.package_identification:_identify(webapp/src/main/java/com/cmds/webapp/models) by extension 'ignore_ament_install'
[2.449s] Level 1:colcon.colcon_core.package_identification:_identify(webapp/src/main/java/com/cmds/webapp/models) by extensions ['colcon_pkg']
[2.449s] Level 1:colcon.colcon_core.package_identification:_identify(webapp/src/main/java/com/cmds/webapp/models) by extension 'colcon_pkg'
[2.449s] Level 1:colcon.colcon_core.package_identification:_identify(webapp/src/main/java/com/cmds/webapp/models) by extensions ['colcon_meta']
[2.450s] Level 1:colcon.colcon_core.package_identification:_identify(webapp/src/main/java/com/cmds/webapp/models) by extension 'colcon_meta'
[2.450s] Level 1:colcon.colcon_core.package_identification:_identify(webapp/src/main/java/com/cmds/webapp/models) by extensions ['ros']
[2.450s] Level 1:colcon.colcon_core.package_identification:_identify(webapp/src/main/java/com/cmds/webapp/models) by extension 'ros'
[2.451s] Level 1:colcon.colcon_core.package_identification:_identify(webapp/src/main/java/com/cmds/webapp/models) by extensions ['cmake', 'python']
[2.451s] Level 1:colcon.colcon_core.package_identification:_identify(webapp/src/main/java/com/cmds/webapp/models) by extension 'cmake'
[2.451s] Level 1:colcon.colcon_core.package_identification:_identify(webapp/src/main/java/com/cmds/webapp/models) by extension 'python'
[2.451s] Level 1:colcon.colcon_core.package_identification:_identify(webapp/src/main/java/com/cmds/webapp/models) by extensions ['python_setup_py']
[2.451s] Level 1:colcon.colcon_core.package_identification:_identify(webapp/src/main/java/com/cmds/webapp/models) by extension 'python_setup_py'
[2.452s] Level 1:colcon.colcon_core.package_identification:_identify(webapp/src/main/java/com/cmds/webapp/repos) by extensions ['ignore', 'ignore_ament_install']
[2.452s] Level 1:colcon.colcon_core.package_identification:_identify(webapp/src/main/java/com/cmds/webapp/repos) by extension 'ignore'
[2.453s] Level 1:colcon.colcon_core.package_identification:_identify(webapp/src/main/java/com/cmds/webapp/repos) by extension 'ignore_ament_install'
[2.453s] Level 1:colcon.colcon_core.package_identification:_identify(webapp/src/main/java/com/cmds/webapp/repos) by extensions ['colcon_pkg']
[2.453s] Level 1:colcon.colcon_core.package_identification:_identify(webapp/src/main/java/com/cmds/webapp/repos) by extension 'colcon_pkg'
[2.453s] Level 1:colcon.colcon_core.package_identification:_identify(webapp/src/main/java/com/cmds/webapp/repos) by extensions ['colcon_meta']
[2.453s] Level 1:colcon.colcon_core.package_identification:_identify(webapp/src/main/java/com/cmds/webapp/repos) by extension 'colcon_meta'
[2.454s] Level 1:colcon.colcon_core.package_identification:_identify(webapp/src/main/java/com/cmds/webapp/repos) by extensions ['ros']
[2.454s] Level 1:colcon.colcon_core.package_identification:_identify(webapp/src/main/java/com/cmds/webapp/repos) by extension 'ros'
[2.454s] Level 1:colcon.colcon_core.package_identification:_identify(webapp/src/main/java/com/cmds/webapp/repos) by extensions ['cmake', 'python']
[2.454s] Level 1:colcon.colcon_core.package_identification:_identify(webapp/src/main/java/com/cmds/webapp/repos) by extension 'cmake'
[2.455s] Level 1:colcon.colcon_core.package_identification:_identify(webapp/src/main/java/com/cmds/webapp/repos) by extension 'python'
[2.455s] Level 1:colcon.colcon_core.package_identification:_identify(webapp/src/main/java/com/cmds/webapp/repos) by extensions ['python_setup_py']
[2.455s] Level 1:colcon.colcon_core.package_identification:_identify(webapp/src/main/java/com/cmds/webapp/repos) by extension 'python_setup_py'
[2.456s] Level 1:colcon.colcon_core.package_identification:_identify(webapp/src/main/resources) by extensions ['ignore', 'ignore_ament_install']
[2.456s] Level 1:colcon.colcon_core.package_identification:_identify(webapp/src/main/resources) by extension 'ignore'
[2.456s] Level 1:colcon.colcon_core.package_identification:_identify(webapp/src/main/resources) by extension 'ignore_ament_install'
[2.456s] Level 1:colcon.colcon_core.package_identification:_identify(webapp/src/main/resources) by extensions ['colcon_pkg']
[2.457s] Level 1:colcon.colcon_core.package_identification:_identify(webapp/src/main/resources) by extension 'colcon_pkg'
[2.457s] Level 1:colcon.colcon_core.package_identification:_identify(webapp/src/main/resources) by extensions ['colcon_meta']
[2.457s] Level 1:colcon.colcon_core.package_identification:_identify(webapp/src/main/resources) by extension 'colcon_meta'
[2.457s] Level 1:colcon.colcon_core.package_identification:_identify(webapp/src/main/resources) by extensions ['ros']
[2.457s] Level 1:colcon.colcon_core.package_identification:_identify(webapp/src/main/resources) by extension 'ros'
[2.458s] Level 1:colcon.colcon_core.package_identification:_identify(webapp/src/main/resources) by extensions ['cmake', 'python']
[2.458s] Level 1:colcon.colcon_core.package_identification:_identify(webapp/src/main/resources) by extension 'cmake'
[2.458s] Level 1:colcon.colcon_core.package_identification:_identify(webapp/src/main/resources) by extension 'python'
[2.458s] Level 1:colcon.colcon_core.package_identification:_identify(webapp/src/main/resources) by extensions ['python_setup_py']
[2.458s] Level 1:colcon.colcon_core.package_identification:_identify(webapp/src/main/resources) by extension 'python_setup_py'
[2.459s] Level 1:colcon.colcon_core.package_identification:_identify(webapp/src/main/resources/static) by extensions ['ignore', 'ignore_ament_install']
[2.459s] Level 1:colcon.colcon_core.package_identification:_identify(webapp/src/main/resources/static) by extension 'ignore'
[2.460s] Level 1:colcon.colcon_core.package_identification:_identify(webapp/src/main/resources/static) by extension 'ignore_ament_install'
[2.460s] Level 1:colcon.colcon_core.package_identification:_identify(webapp/src/main/resources/static) by extensions ['colcon_pkg']
[2.460s] Level 1:colcon.colcon_core.package_identification:_identify(webapp/src/main/resources/static) by extension 'colcon_pkg'
[2.460s] Level 1:colcon.colcon_core.package_identification:_identify(webapp/src/main/resources/static) by extensions ['colcon_meta']
[2.460s] Level 1:colcon.colcon_core.package_identification:_identify(webapp/src/main/resources/static) by extension 'colcon_meta'
[2.461s] Level 1:colcon.colcon_core.package_identification:_identify(webapp/src/main/resources/static) by extensions ['ros']
[2.461s] Level 1:colcon.colcon_core.package_identification:_identify(webapp/src/main/resources/static) by extension 'ros'
[2.461s] Level 1:colcon.colcon_core.package_identification:_identify(webapp/src/main/resources/static) by extensions ['cmake', 'python']
[2.461s] Level 1:colcon.colcon_core.package_identification:_identify(webapp/src/main/resources/static) by extension 'cmake'
[2.462s] Level 1:colcon.colcon_core.package_identification:_identify(webapp/src/main/resources/static) by extension 'python'
[2.462s] Level 1:colcon.colcon_core.package_identification:_identify(webapp/src/main/resources/static) by extensions ['python_setup_py']
[2.462s] Level 1:colcon.colcon_core.package_identification:_identify(webapp/src/main/resources/static) by extension 'python_setup_py'
[2.462s] Level 1:colcon.colcon_core.package_identification:_identify(webapp/src/main/resources/static/static) by extensions ['ignore', 'ignore_ament_install']
[2.463s] Level 1:colcon.colcon_core.package_identification:_identify(webapp/src/main/resources/static/static) by extension 'ignore'
[2.463s] Level 1:colcon.colcon_core.package_identification:_identify(webapp/src/main/resources/static/static) by extension 'ignore_ament_install'
[2.463s] Level 1:colcon.colcon_core.package_identification:_identify(webapp/src/main/resources/static/static) by extensions ['colcon_pkg']
[2.464s] Level 1:colcon.colcon_core.package_identification:_identify(webapp/src/main/resources/static/static) by extension 'colcon_pkg'
[2.464s] Level 1:colcon.colcon_core.package_identification:_identify(webapp/src/main/resources/static/static) by extensions ['colcon_meta']
[2.464s] Level 1:colcon.colcon_core.package_identification:_identify(webapp/src/main/resources/static/static) by extension 'colcon_meta'
[2.464s] Level 1:colcon.colcon_core.package_identification:_identify(webapp/src/main/resources/static/static) by extensions ['ros']
[2.464s] Level 1:colcon.colcon_core.package_identification:_identify(webapp/src/main/resources/static/static) by extension 'ros'
[2.465s] Level 1:colcon.colcon_core.package_identification:_identify(webapp/src/main/resources/static/static) by extensions ['cmake', 'python']
[2.465s] Level 1:colcon.colcon_core.package_identification:_identify(webapp/src/main/resources/static/static) by extension 'cmake'
[2.465s] Level 1:colcon.colcon_core.package_identification:_identify(webapp/src/main/resources/static/static) by extension 'python'
[2.465s] Level 1:colcon.colcon_core.package_identification:_identify(webapp/src/main/resources/static/static) by extensions ['python_setup_py']
[2.465s] Level 1:colcon.colcon_core.package_identification:_identify(webapp/src/main/resources/static/static) by extension 'python_setup_py'
[2.466s] Level 1:colcon.colcon_core.package_identification:_identify(webapp/src/main/resources/static/static/css) by extensions ['ignore', 'ignore_ament_install']
[2.467s] Level 1:colcon.colcon_core.package_identification:_identify(webapp/src/main/resources/static/static/css) by extension 'ignore'
[2.467s] Level 1:colcon.colcon_core.package_identification:_identify(webapp/src/main/resources/static/static/css) by extension 'ignore_ament_install'
[2.467s] Level 1:colcon.colcon_core.package_identification:_identify(webapp/src/main/resources/static/static/css) by extensions ['colcon_pkg']
[2.467s] Level 1:colcon.colcon_core.package_identification:_identify(webapp/src/main/resources/static/static/css) by extension 'colcon_pkg'
[2.467s] Level 1:colcon.colcon_core.package_identification:_identify(webapp/src/main/resources/static/static/css) by extensions ['colcon_meta']
[2.468s] Level 1:colcon.colcon_core.package_identification:_identify(webapp/src/main/resources/static/static/css) by extension 'colcon_meta'
[2.468s] Level 1:colcon.colcon_core.package_identification:_identify(webapp/src/main/resources/static/static/css) by extensions ['ros']
[2.468s] Level 1:colcon.colcon_core.package_identification:_identify(webapp/src/main/resources/static/static/css) by extension 'ros'
[2.468s] Level 1:colcon.colcon_core.package_identification:_identify(webapp/src/main/resources/static/static/css) by extensions ['cmake', 'python']
[2.469s] Level 1:colcon.colcon_core.package_identification:_identify(webapp/src/main/resources/static/static/css) by extension 'cmake'
[2.469s] Level 1:colcon.colcon_core.package_identification:_identify(webapp/src/main/resources/static/static/css) by extension 'python'
[2.469s] Level 1:colcon.colcon_core.package_identification:_identify(webapp/src/main/resources/static/static/css) by extensions ['python_setup_py']
[2.469s] Level 1:colcon.colcon_core.package_identification:_identify(webapp/src/main/resources/static/static/css) by extension 'python_setup_py'
[2.470s] Level 1:colcon.colcon_core.package_identification:_identify(webapp/src/main/resources/static/static/images) by extensions ['ignore', 'ignore_ament_install']
[2.470s] Level 1:colcon.colcon_core.package_identification:_identify(webapp/src/main/resources/static/static/images) by extension 'ignore'
[2.470s] Level 1:colcon.colcon_core.package_identification:_identify(webapp/src/main/resources/static/static/images) by extension 'ignore_ament_install'
[2.471s] Level 1:colcon.colcon_core.package_identification:_identify(webapp/src/main/resources/static/static/images) by extensions ['colcon_pkg']
[2.471s] Level 1:colcon.colcon_core.package_identification:_identify(webapp/src/main/resources/static/static/images) by extension 'colcon_pkg'
[2.471s] Level 1:colcon.colcon_core.package_identification:_identify(webapp/src/main/resources/static/static/images) by extensions ['colcon_meta']
[2.471s] Level 1:colcon.colcon_core.package_identification:_identify(webapp/src/main/resources/static/static/images) by extension 'colcon_meta'
[2.472s] Level 1:colcon.colcon_core.package_identification:_identify(webapp/src/main/resources/static/static/images) by extensions ['ros']
[2.472s] Level 1:colcon.colcon_core.package_identification:_identify(webapp/src/main/resources/static/static/images) by extension 'ros'
[2.472s] Level 1:colcon.colcon_core.package_identification:_identify(webapp/src/main/resources/static/static/images) by extensions ['cmake', 'python']
[2.472s] Level 1:colcon.colcon_core.package_identification:_identify(webapp/src/main/resources/static/static/images) by extension 'cmake'
[2.472s] Level 1:colcon.colcon_core.package_identification:_identify(webapp/src/main/resources/static/static/images) by extension 'python'
[2.473s] Level 1:colcon.colcon_core.package_identification:_identify(webapp/src/main/resources/static/static/images) by extensions ['python_setup_py']
[2.473s] Level 1:colcon.colcon_core.package_identification:_identify(webapp/src/main/resources/static/static/images) by extension 'python_setup_py'
[2.473s] Level 1:colcon.colcon_core.package_identification:_identify(webapp/src/main/resources/static/static/scripts) by extensions ['ignore', 'ignore_ament_install']
[2.474s] Level 1:colcon.colcon_core.package_identification:_identify(webapp/src/main/resources/static/static/scripts) by extension 'ignore'
[2.474s] Level 1:colcon.colcon_core.package_identification:_identify(webapp/src/main/resources/static/static/scripts) by extension 'ignore_ament_install'
[2.474s] Level 1:colcon.colcon_core.package_identification:_identify(webapp/src/main/resources/static/static/scripts) by extensions ['colcon_pkg']
[2.475s] Level 1:colcon.colcon_core.package_identification:_identify(webapp/src/main/resources/static/static/scripts) by extension 'colcon_pkg'
[2.475s] Level 1:colcon.colcon_core.package_identification:_identify(webapp/src/main/resources/static/static/scripts) by extensions ['colcon_meta']
[2.475s] Level 1:colcon.colcon_core.package_identification:_identify(webapp/src/main/resources/static/static/scripts) by extension 'colcon_meta'
[2.475s] Level 1:colcon.colcon_core.package_identification:_identify(webapp/src/main/resources/static/static/scripts) by extensions ['ros']
[2.475s] Level 1:colcon.colcon_core.package_identification:_identify(webapp/src/main/resources/static/static/scripts) by extension 'ros'
[2.476s] Level 1:colcon.colcon_core.package_identification:_identify(webapp/src/main/resources/static/static/scripts) by extensions ['cmake', 'python']
[2.476s] Level 1:colcon.colcon_core.package_identification:_identify(webapp/src/main/resources/static/static/scripts) by extension 'cmake'
[2.476s] Level 1:colcon.colcon_core.package_identification:_identify(webapp/src/main/resources/static/static/scripts) by extension 'python'
[2.476s] Level 1:colcon.colcon_core.package_identification:_identify(webapp/src/main/resources/static/static/scripts) by extensions ['python_setup_py']
[2.477s] Level 1:colcon.colcon_core.package_identification:_identify(webapp/src/main/resources/static/static/scripts) by extension 'python_setup_py'
[2.477s] Level 1:colcon.colcon_core.package_identification:_identify(webapp/src/main/resources/templates) by extensions ['ignore', 'ignore_ament_install']
[2.478s] Level 1:colcon.colcon_core.package_identification:_identify(webapp/src/main/resources/templates) by extension 'ignore'
[2.478s] Level 1:colcon.colcon_core.package_identification:_identify(webapp/src/main/resources/templates) by extension 'ignore_ament_install'
[2.478s] Level 1:colcon.colcon_core.package_identification:_identify(webapp/src/main/resources/templates) by extensions ['colcon_pkg']
[2.478s] Level 1:colcon.colcon_core.package_identification:_identify(webapp/src/main/resources/templates) by extension 'colcon_pkg'
[2.478s] Level 1:colcon.colcon_core.package_identification:_identify(webapp/src/main/resources/templates) by extensions ['colcon_meta']
[2.479s] Level 1:colcon.colcon_core.package_identification:_identify(webapp/src/main/resources/templates) by extension 'colcon_meta'
[2.479s] Level 1:colcon.colcon_core.package_identification:_identify(webapp/src/main/resources/templates) by extensions ['ros']
[2.479s] Level 1:colcon.colcon_core.package_identification:_identify(webapp/src/main/resources/templates) by extension 'ros'
[2.480s] Level 1:colcon.colcon_core.package_identification:_identify(webapp/src/main/resources/templates) by extensions ['cmake', 'python']
[2.480s] Level 1:colcon.colcon_core.package_identification:_identify(webapp/src/main/resources/templates) by extension 'cmake'
[2.480s] Level 1:colcon.colcon_core.package_identification:_identify(webapp/src/main/resources/templates) by extension 'python'
[2.480s] Level 1:colcon.colcon_core.package_identification:_identify(webapp/src/main/resources/templates) by extensions ['python_setup_py']
[2.480s] Level 1:colcon.colcon_core.package_identification:_identify(webapp/src/main/resources/templates) by extension 'python_setup_py'
[2.481s] Level 1:colcon.colcon_core.package_identification:_identify(webapp/src/test) by extensions ['ignore', 'ignore_ament_install']
[2.481s] Level 1:colcon.colcon_core.package_identification:_identify(webapp/src/test) by extension 'ignore'
[2.481s] Level 1:colcon.colcon_core.package_identification:_identify(webapp/src/test) by extension 'ignore_ament_install'
[2.482s] Level 1:colcon.colcon_core.package_identification:_identify(webapp/src/test) by extensions ['colcon_pkg']
[2.482s] Level 1:colcon.colcon_core.package_identification:_identify(webapp/src/test) by extension 'colcon_pkg'
[2.482s] Level 1:colcon.colcon_core.package_identification:_identify(webapp/src/test) by extensions ['colcon_meta']
[2.482s] Level 1:colcon.colcon_core.package_identification:_identify(webapp/src/test) by extension 'colcon_meta'
[2.482s] Level 1:colcon.colcon_core.package_identification:_identify(webapp/src/test) by extensions ['ros']
[2.482s] Level 1:colcon.colcon_core.package_identification:_identify(webapp/src/test) by extension 'ros'
[2.483s] Level 1:colcon.colcon_core.package_identification:_identify(webapp/src/test) by extensions ['cmake', 'python']
[2.483s] Level 1:colcon.colcon_core.package_identification:_identify(webapp/src/test) by extension 'cmake'
[2.483s] Level 1:colcon.colcon_core.package_identification:_identify(webapp/src/test) by extension 'python'
[2.483s] Level 1:colcon.colcon_core.package_identification:_identify(webapp/src/test) by extensions ['python_setup_py']
[2.483s] Level 1:colcon.colcon_core.package_identification:_identify(webapp/src/test) by extension 'python_setup_py'
[2.484s] Level 1:colcon.colcon_core.package_identification:_identify(webapp/src/test/java) by extensions ['ignore', 'ignore_ament_install']
[2.484s] Level 1:colcon.colcon_core.package_identification:_identify(webapp/src/test/java) by extension 'ignore'
[2.485s] Level 1:colcon.colcon_core.package_identification:_identify(webapp/src/test/java) by extension 'ignore_ament_install'
[2.485s] Level 1:colcon.colcon_core.package_identification:_identify(webapp/src/test/java) by extensions ['colcon_pkg']
[2.485s] Level 1:colcon.colcon_core.package_identification:_identify(webapp/src/test/java) by extension 'colcon_pkg'
[2.485s] Level 1:colcon.colcon_core.package_identification:_identify(webapp/src/test/java) by extensions ['colcon_meta']
[2.485s] Level 1:colcon.colcon_core.package_identification:_identify(webapp/src/test/java) by extension 'colcon_meta'
[2.486s] Level 1:colcon.colcon_core.package_identification:_identify(webapp/src/test/java) by extensions ['ros']
[2.486s] Level 1:colcon.colcon_core.package_identification:_identify(webapp/src/test/java) by extension 'ros'
[2.486s] Level 1:colcon.colcon_core.package_identification:_identify(webapp/src/test/java) by extensions ['cmake', 'python']
[2.486s] Level 1:colcon.colcon_core.package_identification:_identify(webapp/src/test/java) by extension 'cmake'
[2.486s] Level 1:colcon.colcon_core.package_identification:_identify(webapp/src/test/java) by extension 'python'
[2.487s] Level 1:colcon.colcon_core.package_identification:_identify(webapp/src/test/java) by extensions ['python_setup_py']
[2.487s] Level 1:colcon.colcon_core.package_identification:_identify(webapp/src/test/java) by extension 'python_setup_py'
[2.487s] Level 1:colcon.colcon_core.package_identification:_identify(webapp/src/test/java/com) by extensions ['ignore', 'ignore_ament_install']
[2.488s] Level 1:colcon.colcon_core.package_identification:_identify(webapp/src/test/java/com) by extension 'ignore'
[2.488s] Level 1:colcon.colcon_core.package_identification:_identify(webapp/src/test/java/com) by extension 'ignore_ament_install'
[2.488s] Level 1:colcon.colcon_core.package_identification:_identify(webapp/src/test/java/com) by extensions ['colcon_pkg']
[2.488s] Level 1:colcon.colcon_core.package_identification:_identify(webapp/src/test/java/com) by extension 'colcon_pkg'
[2.489s] Level 1:colcon.colcon_core.package_identification:_identify(webapp/src/test/java/com) by extensions ['colcon_meta']
[2.489s] Level 1:colcon.colcon_core.package_identification:_identify(webapp/src/test/java/com) by extension 'colcon_meta'
[2.489s] Level 1:colcon.colcon_core.package_identification:_identify(webapp/src/test/java/com) by extensions ['ros']
[2.489s] Level 1:colcon.colcon_core.package_identification:_identify(webapp/src/test/java/com) by extension 'ros'
[2.490s] Level 1:colcon.colcon_core.package_identification:_identify(webapp/src/test/java/com) by extensions ['cmake', 'python']
[2.490s] Level 1:colcon.colcon_core.package_identification:_identify(webapp/src/test/java/com) by extension 'cmake'
[2.490s] Level 1:colcon.colcon_core.package_identification:_identify(webapp/src/test/java/com) by extension 'python'
[2.490s] Level 1:colcon.colcon_core.package_identification:_identify(webapp/src/test/java/com) by extensions ['python_setup_py']
[2.490s] Level 1:colcon.colcon_core.package_identification:_identify(webapp/src/test/java/com) by extension 'python_setup_py'
[2.491s] Level 1:colcon.colcon_core.package_identification:_identify(webapp/src/test/java/com/cmds) by extensions ['ignore', 'ignore_ament_install']
[2.491s] Level 1:colcon.colcon_core.package_identification:_identify(webapp/src/test/java/com/cmds) by extension 'ignore'
[2.491s] Level 1:colcon.colcon_core.package_identification:_identify(webapp/src/test/java/com/cmds) by extension 'ignore_ament_install'
[2.492s] Level 1:colcon.colcon_core.package_identification:_identify(webapp/src/test/java/com/cmds) by extensions ['colcon_pkg']
[2.492s] Level 1:colcon.colcon_core.package_identification:_identify(webapp/src/test/java/com/cmds) by extension 'colcon_pkg'
[2.492s] Level 1:colcon.colcon_core.package_identification:_identify(webapp/src/test/java/com/cmds) by extensions ['colcon_meta']
[2.492s] Level 1:colcon.colcon_core.package_identification:_identify(webapp/src/test/java/com/cmds) by extension 'colcon_meta'
[2.493s] Level 1:colcon.colcon_core.package_identification:_identify(webapp/src/test/java/com/cmds) by extensions ['ros']
[2.493s] Level 1:colcon.colcon_core.package_identification:_identify(webapp/src/test/java/com/cmds) by extension 'ros'
[2.493s] Level 1:colcon.colcon_core.package_identification:_identify(webapp/src/test/java/com/cmds) by extensions ['cmake', 'python']
[2.493s] Level 1:colcon.colcon_core.package_identification:_identify(webapp/src/test/java/com/cmds) by extension 'cmake'
[2.493s] Level 1:colcon.colcon_core.package_identification:_identify(webapp/src/test/java/com/cmds) by extension 'python'
[2.494s] Level 1:colcon.colcon_core.package_identification:_identify(webapp/src/test/java/com/cmds) by extensions ['python_setup_py']
[2.494s] Level 1:colcon.colcon_core.package_identification:_identify(webapp/src/test/java/com/cmds) by extension 'python_setup_py'
[2.494s] Level 1:colcon.colcon_core.package_identification:_identify(webapp/src/test/java/com/cmds/webapp) by extensions ['ignore', 'ignore_ament_install']
[2.495s] Level 1:colcon.colcon_core.package_identification:_identify(webapp/src/test/java/com/cmds/webapp) by extension 'ignore'
[2.495s] Level 1:colcon.colcon_core.package_identification:_identify(webapp/src/test/java/com/cmds/webapp) by extension 'ignore_ament_install'
[2.495s] Level 1:colcon.colcon_core.package_identification:_identify(webapp/src/test/java/com/cmds/webapp) by extensions ['colcon_pkg']
[2.495s] Level 1:colcon.colcon_core.package_identification:_identify(webapp/src/test/java/com/cmds/webapp) by extension 'colcon_pkg'
[2.496s] Level 1:colcon.colcon_core.package_identification:_identify(webapp/src/test/java/com/cmds/webapp) by extensions ['colcon_meta']
[2.496s] Level 1:colcon.colcon_core.package_identification:_identify(webapp/src/test/java/com/cmds/webapp) by extension 'colcon_meta'
[2.496s] Level 1:colcon.colcon_core.package_identification:_identify(webapp/src/test/java/com/cmds/webapp) by extensions ['ros']
[2.496s] Level 1:colcon.colcon_core.package_identification:_identify(webapp/src/test/java/com/cmds/webapp) by extension 'ros'
[2.497s] Level 1:colcon.colcon_core.package_identification:_identify(webapp/src/test/java/com/cmds/webapp) by extensions ['cmake', 'python']
[2.497s] Level 1:colcon.colcon_core.package_identification:_identify(webapp/src/test/java/com/cmds/webapp) by extension 'cmake'
[2.497s] Level 1:colcon.colcon_core.package_identification:_identify(webapp/src/test/java/com/cmds/webapp) by extension 'python'
[2.497s] Level 1:colcon.colcon_core.package_identification:_identify(webapp/src/test/java/com/cmds/webapp) by extensions ['python_setup_py']
[2.497s] Level 1:colcon.colcon_core.package_identification:_identify(webapp/src/test/java/com/cmds/webapp) by extension 'python_setup_py'
[2.505s] Level 1:colcon.colcon_core.package_identification:_identify(webapp/target) by extensions ['ignore', 'ignore_ament_install']
[2.505s] Level 1:colcon.colcon_core.package_identification:_identify(webapp/target) by extension 'ignore'
[2.506s] Level 1:colcon.colcon_core.package_identification:_identify(webapp/target) by extension 'ignore_ament_install'
[2.506s] Level 1:colcon.colcon_core.package_identification:_identify(webapp/target) by extensions ['colcon_pkg']
[2.506s] Level 1:colcon.colcon_core.package_identification:_identify(webapp/target) by extension 'colcon_pkg'
[2.506s] Level 1:colcon.colcon_core.package_identification:_identify(webapp/target) by extensions ['colcon_meta']
[2.507s] Level 1:colcon.colcon_core.package_identification:_identify(webapp/target) by extension 'colcon_meta'
[2.507s] Level 1:colcon.colcon_core.package_identification:_identify(webapp/target) by extensions ['ros']
[2.507s] Level 1:colcon.colcon_core.package_identification:_identify(webapp/target) by extension 'ros'
[2.507s] Level 1:colcon.colcon_core.package_identification:_identify(webapp/target) by extensions ['cmake', 'python']
[2.508s] Level 1:colcon.colcon_core.package_identification:_identify(webapp/target) by extension 'cmake'
[2.508s] Level 1:colcon.colcon_core.package_identification:_identify(webapp/target) by extension 'python'
[2.508s] Level 1:colcon.colcon_core.package_identification:_identify(webapp/target) by extensions ['python_setup_py']
[2.508s] Level 1:colcon.colcon_core.package_identification:_identify(webapp/target) by extension 'python_setup_py'
[2.509s] Level 1:colcon.colcon_core.package_identification:_identify(webapp/target/classes) by extensions ['ignore', 'ignore_ament_install']
[2.510s] Level 1:colcon.colcon_core.package_identification:_identify(webapp/target/classes) by extension 'ignore'
[2.510s] Level 1:colcon.colcon_core.package_identification:_identify(webapp/target/classes) by extension 'ignore_ament_install'
[2.510s] Level 1:colcon.colcon_core.package_identification:_identify(webapp/target/classes) by extensions ['colcon_pkg']
[2.511s] Level 1:colcon.colcon_core.package_identification:_identify(webapp/target/classes) by extension 'colcon_pkg'
[2.511s] Level 1:colcon.colcon_core.package_identification:_identify(webapp/target/classes) by extensions ['colcon_meta']
[2.511s] Level 1:colcon.colcon_core.package_identification:_identify(webapp/target/classes) by extension 'colcon_meta'
[2.512s] Level 1:colcon.colcon_core.package_identification:_identify(webapp/target/classes) by extensions ['ros']
[2.512s] Level 1:colcon.colcon_core.package_identification:_identify(webapp/target/classes) by extension 'ros'
[2.512s] Level 1:colcon.colcon_core.package_identification:_identify(webapp/target/classes) by extensions ['cmake', 'python']
[2.513s] Level 1:colcon.colcon_core.package_identification:_identify(webapp/target/classes) by extension 'cmake'
[2.513s] Level 1:colcon.colcon_core.package_identification:_identify(webapp/target/classes) by extension 'python'
[2.513s] Level 1:colcon.colcon_core.package_identification:_identify(webapp/target/classes) by extensions ['python_setup_py']
[2.513s] Level 1:colcon.colcon_core.package_identification:_identify(webapp/target/classes) by extension 'python_setup_py'
[2.515s] Level 1:colcon.colcon_core.package_identification:_identify(webapp/target/classes/com) by extensions ['ignore', 'ignore_ament_install']
[2.516s] Level 1:colcon.colcon_core.package_identification:_identify(webapp/target/classes/com) by extension 'ignore'
[2.516s] Level 1:colcon.colcon_core.package_identification:_identify(webapp/target/classes/com) by extension 'ignore_ament_install'
[2.516s] Level 1:colcon.colcon_core.package_identification:_identify(webapp/target/classes/com) by extensions ['colcon_pkg']
[2.516s] Level 1:colcon.colcon_core.package_identification:_identify(webapp/target/classes/com) by extension 'colcon_pkg'
[2.517s] Level 1:colcon.colcon_core.package_identification:_identify(webapp/target/classes/com) by extensions ['colcon_meta']
[2.517s] Level 1:colcon.colcon_core.package_identification:_identify(webapp/target/classes/com) by extension 'colcon_meta'
[2.517s] Level 1:colcon.colcon_core.package_identification:_identify(webapp/target/classes/com) by extensions ['ros']
[2.518s] Level 1:colcon.colcon_core.package_identification:_identify(webapp/target/classes/com) by extension 'ros'
[2.518s] Level 1:colcon.colcon_core.package_identification:_identify(webapp/target/classes/com) by extensions ['cmake', 'python']
[2.518s] Level 1:colcon.colcon_core.package_identification:_identify(webapp/target/classes/com) by extension 'cmake'
[2.519s] Level 1:colcon.colcon_core.package_identification:_identify(webapp/target/classes/com) by extension 'python'
[2.519s] Level 1:colcon.colcon_core.package_identification:_identify(webapp/target/classes/com) by extensions ['python_setup_py']
[2.519s] Level 1:colcon.colcon_core.package_identification:_identify(webapp/target/classes/com) by extension 'python_setup_py'
[2.521s] Level 1:colcon.colcon_core.package_identification:_identify(webapp/target/classes/com/cmds) by extensions ['ignore', 'ignore_ament_install']
[2.521s] Level 1:colcon.colcon_core.package_identification:_identify(webapp/target/classes/com/cmds) by extension 'ignore'
[2.522s] Level 1:colcon.colcon_core.package_identification:_identify(webapp/target/classes/com/cmds) by extension 'ignore_ament_install'
[2.522s] Level 1:colcon.colcon_core.package_identification:_identify(webapp/target/classes/com/cmds) by extensions ['colcon_pkg']
[2.522s] Level 1:colcon.colcon_core.package_identification:_identify(webapp/target/classes/com/cmds) by extension 'colcon_pkg'
[2.522s] Level 1:colcon.colcon_core.package_identification:_identify(webapp/target/classes/com/cmds) by extensions ['colcon_meta']
[2.522s] Level 1:colcon.colcon_core.package_identification:_identify(webapp/target/classes/com/cmds) by extension 'colcon_meta'
[2.523s] Level 1:colcon.colcon_core.package_identification:_identify(webapp/target/classes/com/cmds) by extensions ['ros']
[2.523s] Level 1:colcon.colcon_core.package_identification:_identify(webapp/target/classes/com/cmds) by extension 'ros'
[2.523s] Level 1:colcon.colcon_core.package_identification:_identify(webapp/target/classes/com/cmds) by extensions ['cmake', 'python']
[2.524s] Level 1:colcon.colcon_core.package_identification:_identify(webapp/target/classes/com/cmds) by extension 'cmake'
[2.524s] Level 1:colcon.colcon_core.package_identification:_identify(webapp/target/classes/com/cmds) by extension 'python'
[2.524s] Level 1:colcon.colcon_core.package_identification:_identify(webapp/target/classes/com/cmds) by extensions ['python_setup_py']
[2.524s] Level 1:colcon.colcon_core.package_identification:_identify(webapp/target/classes/com/cmds) by extension 'python_setup_py'
[2.526s] Level 1:colcon.colcon_core.package_identification:_identify(webapp/target/classes/com/cmds/webapp) by extensions ['ignore', 'ignore_ament_install']
[2.526s] Level 1:colcon.colcon_core.package_identification:_identify(webapp/target/classes/com/cmds/webapp) by extension 'ignore'
[2.526s] Level 1:colcon.colcon_core.package_identification:_identify(webapp/target/classes/com/cmds/webapp) by extension 'ignore_ament_install'
[2.527s] Level 1:colcon.colcon_core.package_identification:_identify(webapp/target/classes/com/cmds/webapp) by extensions ['colcon_pkg']
[2.527s] Level 1:colcon.colcon_core.package_identification:_identify(webapp/target/classes/com/cmds/webapp) by extension 'colcon_pkg'
[2.527s] Level 1:colcon.colcon_core.package_identification:_identify(webapp/target/classes/com/cmds/webapp) by extensions ['colcon_meta']
[2.527s] Level 1:colcon.colcon_core.package_identification:_identify(webapp/target/classes/com/cmds/webapp) by extension 'colcon_meta'
[2.527s] Level 1:colcon.colcon_core.package_identification:_identify(webapp/target/classes/com/cmds/webapp) by extensions ['ros']
[2.528s] Level 1:colcon.colcon_core.package_identification:_identify(webapp/target/classes/com/cmds/webapp) by extension 'ros'
[2.528s] Level 1:colcon.colcon_core.package_identification:_identify(webapp/target/classes/com/cmds/webapp) by extensions ['cmake', 'python']
[2.528s] Level 1:colcon.colcon_core.package_identification:_identify(webapp/target/classes/com/cmds/webapp) by extension 'cmake'
[2.529s] Level 1:colcon.colcon_core.package_identification:_identify(webapp/target/classes/com/cmds/webapp) by extension 'python'
[2.529s] Level 1:colcon.colcon_core.package_identification:_identify(webapp/target/classes/com/cmds/webapp) by extensions ['python_setup_py']
[2.529s] Level 1:colcon.colcon_core.package_identification:_identify(webapp/target/classes/com/cmds/webapp) by extension 'python_setup_py'
[2.530s] Level 1:colcon.colcon_core.package_identification:_identify(webapp/target/classes/com/cmds/webapp/aspect) by extensions ['ignore', 'ignore_ament_install']
[2.531s] Level 1:colcon.colcon_core.package_identification:_identify(webapp/target/classes/com/cmds/webapp/aspect) by extension 'ignore'
[2.531s] Level 1:colcon.colcon_core.package_identification:_identify(webapp/target/classes/com/cmds/webapp/aspect) by extension 'ignore_ament_install'
[2.531s] Level 1:colcon.colcon_core.package_identification:_identify(webapp/target/classes/com/cmds/webapp/aspect) by extensions ['colcon_pkg']
[2.531s] Level 1:colcon.colcon_core.package_identification:_identify(webapp/target/classes/com/cmds/webapp/aspect) by extension 'colcon_pkg'
[2.532s] Level 1:colcon.colcon_core.package_identification:_identify(webapp/target/classes/com/cmds/webapp/aspect) by extensions ['colcon_meta']
[2.532s] Level 1:colcon.colcon_core.package_identification:_identify(webapp/target/classes/com/cmds/webapp/aspect) by extension 'colcon_meta'
[2.532s] Level 1:colcon.colcon_core.package_identification:_identify(webapp/target/classes/com/cmds/webapp/aspect) by extensions ['ros']
[2.532s] Level 1:colcon.colcon_core.package_identification:_identify(webapp/target/classes/com/cmds/webapp/aspect) by extension 'ros'
[2.533s] Level 1:colcon.colcon_core.package_identification:_identify(webapp/target/classes/com/cmds/webapp/aspect) by extensions ['cmake', 'python']
[2.533s] Level 1:colcon.colcon_core.package_identification:_identify(webapp/target/classes/com/cmds/webapp/aspect) by extension 'cmake'
[2.533s] Level 1:colcon.colcon_core.package_identification:_identify(webapp/target/classes/com/cmds/webapp/aspect) by extension 'python'
[2.533s] Level 1:colcon.colcon_core.package_identification:_identify(webapp/target/classes/com/cmds/webapp/aspect) by extensions ['python_setup_py']
[2.534s] Level 1:colcon.colcon_core.package_identification:_identify(webapp/target/classes/com/cmds/webapp/aspect) by extension 'python_setup_py'
[2.535s] Level 1:colcon.colcon_core.package_identification:_identify(webapp/target/classes/com/cmds/webapp/controllers) by extensions ['ignore', 'ignore_ament_install']
[2.535s] Level 1:colcon.colcon_core.package_identification:_identify(webapp/target/classes/com/cmds/webapp/controllers) by extension 'ignore'
[2.536s] Level 1:colcon.colcon_core.package_identification:_identify(webapp/target/classes/com/cmds/webapp/controllers) by extension 'ignore_ament_install'
[2.536s] Level 1:colcon.colcon_core.package_identification:_identify(webapp/target/classes/com/cmds/webapp/controllers) by extensions ['colcon_pkg']
[2.536s] Level 1:colcon.colcon_core.package_identification:_identify(webapp/target/classes/com/cmds/webapp/controllers) by extension 'colcon_pkg'
[2.536s] Level 1:colcon.colcon_core.package_identification:_identify(webapp/target/classes/com/cmds/webapp/controllers) by extensions ['colcon_meta']
[2.537s] Level 1:colcon.colcon_core.package_identification:_identify(webapp/target/classes/com/cmds/webapp/controllers) by extension 'colcon_meta'
[2.537s] Level 1:colcon.colcon_core.package_identification:_identify(webapp/target/classes/com/cmds/webapp/controllers) by extensions ['ros']
[2.537s] Level 1:colcon.colcon_core.package_identification:_identify(webapp/target/classes/com/cmds/webapp/controllers) by extension 'ros'
[2.538s] Level 1:colcon.colcon_core.package_identification:_identify(webapp/target/classes/com/cmds/webapp/controllers) by extensions ['cmake', 'python']
[2.538s] Level 1:colcon.colcon_core.package_identification:_identify(webapp/target/classes/com/cmds/webapp/controllers) by extension 'cmake'
[2.538s] Level 1:colcon.colcon_core.package_identification:_identify(webapp/target/classes/com/cmds/webapp/controllers) by extension 'python'
[2.538s] Level 1:colcon.colcon_core.package_identification:_identify(webapp/target/classes/com/cmds/webapp/controllers) by extensions ['python_setup_py']
[2.538s] Level 1:colcon.colcon_core.package_identification:_identify(webapp/target/classes/com/cmds/webapp/controllers) by extension 'python_setup_py'
[2.540s] Level 1:colcon.colcon_core.package_identification:_identify(webapp/target/classes/com/cmds/webapp/models) by extensions ['ignore', 'ignore_ament_install']
[2.540s] Level 1:colcon.colcon_core.package_identification:_identify(webapp/target/classes/com/cmds/webapp/models) by extension 'ignore'
[2.540s] Level 1:colcon.colcon_core.package_identification:_identify(webapp/target/classes/com/cmds/webapp/models) by extension 'ignore_ament_install'
[2.541s] Level 1:colcon.colcon_core.package_identification:_identify(webapp/target/classes/com/cmds/webapp/models) by extensions ['colcon_pkg']
[2.541s] Level 1:colcon.colcon_core.package_identification:_identify(webapp/target/classes/com/cmds/webapp/models) by extension 'colcon_pkg'
[2.541s] Level 1:colcon.colcon_core.package_identification:_identify(webapp/target/classes/com/cmds/webapp/models) by extensions ['colcon_meta']
[2.541s] Level 1:colcon.colcon_core.package_identification:_identify(webapp/target/classes/com/cmds/webapp/models) by extension 'colcon_meta'
[2.542s] Level 1:colcon.colcon_core.package_identification:_identify(webapp/target/classes/com/cmds/webapp/models) by extensions ['ros']
[2.542s] Level 1:colcon.colcon_core.package_identification:_identify(webapp/target/classes/com/cmds/webapp/models) by extension 'ros'
[2.542s] Level 1:colcon.colcon_core.package_identification:_identify(webapp/target/classes/com/cmds/webapp/models) by extensions ['cmake', 'python']
[2.542s] Level 1:colcon.colcon_core.package_identification:_identify(webapp/target/classes/com/cmds/webapp/models) by extension 'cmake'
[2.543s] Level 1:colcon.colcon_core.package_identification:_identify(webapp/target/classes/com/cmds/webapp/models) by extension 'python'
[2.543s] Level 1:colcon.colcon_core.package_identification:_identify(webapp/target/classes/com/cmds/webapp/models) by extensions ['python_setup_py']
[2.543s] Level 1:colcon.colcon_core.package_identification:_identify(webapp/target/classes/com/cmds/webapp/models) by extension 'python_setup_py'
[2.544s] Level 1:colcon.colcon_core.package_identification:_identify(webapp/target/classes/com/cmds/webapp/repos) by extensions ['ignore', 'ignore_ament_install']
[2.545s] Level 1:colcon.colcon_core.package_identification:_identify(webapp/target/classes/com/cmds/webapp/repos) by extension 'ignore'
[2.545s] Level 1:colcon.colcon_core.package_identification:_identify(webapp/target/classes/com/cmds/webapp/repos) by extension 'ignore_ament_install'
[2.545s] Level 1:colcon.colcon_core.package_identification:_identify(webapp/target/classes/com/cmds/webapp/repos) by extensions ['colcon_pkg']
[2.546s] Level 1:colcon.colcon_core.package_identification:_identify(webapp/target/classes/com/cmds/webapp/repos) by extension 'colcon_pkg'
[2.546s] Level 1:colcon.colcon_core.package_identification:_identify(webapp/target/classes/com/cmds/webapp/repos) by extensions ['colcon_meta']
[2.546s] Level 1:colcon.colcon_core.package_identification:_identify(webapp/target/classes/com/cmds/webapp/repos) by extension 'colcon_meta'
[2.546s] Level 1:colcon.colcon_core.package_identification:_identify(webapp/target/classes/com/cmds/webapp/repos) by extensions ['ros']
[2.546s] Level 1:colcon.colcon_core.package_identification:_identify(webapp/target/classes/com/cmds/webapp/repos) by extension 'ros'
[2.547s] Level 1:colcon.colcon_core.package_identification:_identify(webapp/target/classes/com/cmds/webapp/repos) by extensions ['cmake', 'python']
[2.547s] Level 1:colcon.colcon_core.package_identification:_identify(webapp/target/classes/com/cmds/webapp/repos) by extension 'cmake'
[2.547s] Level 1:colcon.colcon_core.package_identification:_identify(webapp/target/classes/com/cmds/webapp/repos) by extension 'python'
[2.547s] Level 1:colcon.colcon_core.package_identification:_identify(webapp/target/classes/com/cmds/webapp/repos) by extensions ['python_setup_py']
[2.548s] Level 1:colcon.colcon_core.package_identification:_identify(webapp/target/classes/com/cmds/webapp/repos) by extension 'python_setup_py'
[2.549s] Level 1:colcon.colcon_core.package_identification:_identify(webapp/target/classes/static) by extensions ['ignore', 'ignore_ament_install']
[2.549s] Level 1:colcon.colcon_core.package_identification:_identify(webapp/target/classes/static) by extension 'ignore'
[2.549s] Level 1:colcon.colcon_core.package_identification:_identify(webapp/target/classes/static) by extension 'ignore_ament_install'
[2.550s] Level 1:colcon.colcon_core.package_identification:_identify(webapp/target/classes/static) by extensions ['colcon_pkg']
[2.550s] Level 1:colcon.colcon_core.package_identification:_identify(webapp/target/classes/static) by extension 'colcon_pkg'
[2.550s] Level 1:colcon.colcon_core.package_identification:_identify(webapp/target/classes/static) by extensions ['colcon_meta']
[2.550s] Level 1:colcon.colcon_core.package_identification:_identify(webapp/target/classes/static) by extension 'colcon_meta'
[2.551s] Level 1:colcon.colcon_core.package_identification:_identify(webapp/target/classes/static) by extensions ['ros']
[2.551s] Level 1:colcon.colcon_core.package_identification:_identify(webapp/target/classes/static) by extension 'ros'
[2.551s] Level 1:colcon.colcon_core.package_identification:_identify(webapp/target/classes/static) by extensions ['cmake', 'python']
[2.551s] Level 1:colcon.colcon_core.package_identification:_identify(webapp/target/classes/static) by extension 'cmake'
[2.551s] Level 1:colcon.colcon_core.package_identification:_identify(webapp/target/classes/static) by extension 'python'
[2.552s] Level 1:colcon.colcon_core.package_identification:_identify(webapp/target/classes/static) by extensions ['python_setup_py']
[2.552s] Level 1:colcon.colcon_core.package_identification:_identify(webapp/target/classes/static) by extension 'python_setup_py'
[2.553s] Level 1:colcon.colcon_core.package_identification:_identify(webapp/target/classes/static/static) by extensions ['ignore', 'ignore_ament_install']
[2.553s] Level 1:colcon.colcon_core.package_identification:_identify(webapp/target/classes/static/static) by extension 'ignore'
[2.554s] Level 1:colcon.colcon_core.package_identification:_identify(webapp/target/classes/static/static) by extension 'ignore_ament_install'
[2.554s] Level 1:colcon.colcon_core.package_identification:_identify(webapp/target/classes/static/static) by extensions ['colcon_pkg']
[2.554s] Level 1:colcon.colcon_core.package_identification:_identify(webapp/target/classes/static/static) by extension 'colcon_pkg'
[2.554s] Level 1:colcon.colcon_core.package_identification:_identify(webapp/target/classes/static/static) by extensions ['colcon_meta']
[2.554s] Level 1:colcon.colcon_core.package_identification:_identify(webapp/target/classes/static/static) by extension 'colcon_meta'
[2.555s] Level 1:colcon.colcon_core.package_identification:_identify(webapp/target/classes/static/static) by extensions ['ros']
[2.555s] Level 1:colcon.colcon_core.package_identification:_identify(webapp/target/classes/static/static) by extension 'ros'
[2.555s] Level 1:colcon.colcon_core.package_identification:_identify(webapp/target/classes/static/static) by extensions ['cmake', 'python']
[2.556s] Level 1:colcon.colcon_core.package_identification:_identify(webapp/target/classes/static/static) by extension 'cmake'
[2.556s] Level 1:colcon.colcon_core.package_identification:_identify(webapp/target/classes/static/static) by extension 'python'
[2.556s] Level 1:colcon.colcon_core.package_identification:_identify(webapp/target/classes/static/static) by extensions ['python_setup_py']
[2.556s] Level 1:colcon.colcon_core.package_identification:_identify(webapp/target/classes/static/static) by extension 'python_setup_py'
[2.557s] Level 1:colcon.colcon_core.package_identification:_identify(webapp/target/classes/static/static/css) by extensions ['ignore', 'ignore_ament_install']
[2.558s] Level 1:colcon.colcon_core.package_identification:_identify(webapp/target/classes/static/static/css) by extension 'ignore'
[2.558s] Level 1:colcon.colcon_core.package_identification:_identify(webapp/target/classes/static/static/css) by extension 'ignore_ament_install'
[2.558s] Level 1:colcon.colcon_core.package_identification:_identify(webapp/target/classes/static/static/css) by extensions ['colcon_pkg']
[2.559s] Level 1:colcon.colcon_core.package_identification:_identify(webapp/target/classes/static/static/css) by extension 'colcon_pkg'
[2.559s] Level 1:colcon.colcon_core.package_identification:_identify(webapp/target/classes/static/static/css) by extensions ['colcon_meta']
[2.559s] Level 1:colcon.colcon_core.package_identification:_identify(webapp/target/classes/static/static/css) by extension 'colcon_meta'
[2.559s] Level 1:colcon.colcon_core.package_identification:_identify(webapp/target/classes/static/static/css) by extensions ['ros']
[2.559s] Level 1:colcon.colcon_core.package_identification:_identify(webapp/target/classes/static/static/css) by extension 'ros'
[2.563s] Level 1:colcon.colcon_core.package_identification:_identify(webapp/target/classes/static/static/css) by extensions ['cmake', 'python']
[2.563s] Level 1:colcon.colcon_core.package_identification:_identify(webapp/target/classes/static/static/css) by extension 'cmake'
[2.564s] Level 1:colcon.colcon_core.package_identification:_identify(webapp/target/classes/static/static/css) by extension 'python'
[2.564s] Level 1:colcon.colcon_core.package_identification:_identify(webapp/target/classes/static/static/css) by extensions ['python_setup_py']
[2.564s] Level 1:colcon.colcon_core.package_identification:_identify(webapp/target/classes/static/static/css) by extension 'python_setup_py'
[2.565s] Level 1:colcon.colcon_core.package_identification:_identify(webapp/target/classes/static/static/images) by extensions ['ignore', 'ignore_ament_install']
[2.566s] Level 1:colcon.colcon_core.package_identification:_identify(webapp/target/classes/static/static/images) by extension 'ignore'
[2.566s] Level 1:colcon.colcon_core.package_identification:_identify(webapp/target/classes/static/static/images) by extension 'ignore_ament_install'
[2.566s] Level 1:colcon.colcon_core.package_identification:_identify(webapp/target/classes/static/static/images) by extensions ['colcon_pkg']
[2.567s] Level 1:colcon.colcon_core.package_identification:_identify(webapp/target/classes/static/static/images) by extension 'colcon_pkg'
[2.567s] Level 1:colcon.colcon_core.package_identification:_identify(webapp/target/classes/static/static/images) by extensions ['colcon_meta']
[2.567s] Level 1:colcon.colcon_core.package_identification:_identify(webapp/target/classes/static/static/images) by extension 'colcon_meta'
[2.567s] Level 1:colcon.colcon_core.package_identification:_identify(webapp/target/classes/static/static/images) by extensions ['ros']
[2.567s] Level 1:colcon.colcon_core.package_identification:_identify(webapp/target/classes/static/static/images) by extension 'ros'
[2.568s] Level 1:colcon.colcon_core.package_identification:_identify(webapp/target/classes/static/static/images) by extensions ['cmake', 'python']
[2.568s] Level 1:colcon.colcon_core.package_identification:_identify(webapp/target/classes/static/static/images) by extension 'cmake'
[2.568s] Level 1:colcon.colcon_core.package_identification:_identify(webapp/target/classes/static/static/images) by extension 'python'
[2.569s] Level 1:colcon.colcon_core.package_identification:_identify(webapp/target/classes/static/static/images) by extensions ['python_setup_py']
[2.569s] Level 1:colcon.colcon_core.package_identification:_identify(webapp/target/classes/static/static/images) by extension 'python_setup_py'
[2.570s] Level 1:colcon.colcon_core.package_identification:_identify(webapp/target/classes/static/static/scripts) by extensions ['ignore', 'ignore_ament_install']
[2.571s] Level 1:colcon.colcon_core.package_identification:_identify(webapp/target/classes/static/static/scripts) by extension 'ignore'
[2.571s] Level 1:colcon.colcon_core.package_identification:_identify(webapp/target/classes/static/static/scripts) by extension 'ignore_ament_install'
[2.571s] Level 1:colcon.colcon_core.package_identification:_identify(webapp/target/classes/static/static/scripts) by extensions ['colcon_pkg']
[2.572s] Level 1:colcon.colcon_core.package_identification:_identify(webapp/target/classes/static/static/scripts) by extension 'colcon_pkg'
[2.572s] Level 1:colcon.colcon_core.package_identification:_identify(webapp/target/classes/static/static/scripts) by extensions ['colcon_meta']
[2.572s] Level 1:colcon.colcon_core.package_identification:_identify(webapp/target/classes/static/static/scripts) by extension 'colcon_meta'
[2.572s] Level 1:colcon.colcon_core.package_identification:_identify(webapp/target/classes/static/static/scripts) by extensions ['ros']
[2.573s] Level 1:colcon.colcon_core.package_identification:_identify(webapp/target/classes/static/static/scripts) by extension 'ros'
[2.573s] Level 1:colcon.colcon_core.package_identification:_identify(webapp/target/classes/static/static/scripts) by extensions ['cmake', 'python']
[2.573s] Level 1:colcon.colcon_core.package_identification:_identify(webapp/target/classes/static/static/scripts) by extension 'cmake'
[2.574s] Level 1:colcon.colcon_core.package_identification:_identify(webapp/target/classes/static/static/scripts) by extension 'python'
[2.574s] Level 1:colcon.colcon_core.package_identification:_identify(webapp/target/classes/static/static/scripts) by extensions ['python_setup_py']
[2.574s] Level 1:colcon.colcon_core.package_identification:_identify(webapp/target/classes/static/static/scripts) by extension 'python_setup_py'
[2.576s] Level 1:colcon.colcon_core.package_identification:_identify(webapp/target/classes/templates) by extensions ['ignore', 'ignore_ament_install']
[2.576s] Level 1:colcon.colcon_core.package_identification:_identify(webapp/target/classes/templates) by extension 'ignore'
[2.576s] Level 1:colcon.colcon_core.package_identification:_identify(webapp/target/classes/templates) by extension 'ignore_ament_install'
[2.577s] Level 1:colcon.colcon_core.package_identification:_identify(webapp/target/classes/templates) by extensions ['colcon_pkg']
[2.577s] Level 1:colcon.colcon_core.package_identification:_identify(webapp/target/classes/templates) by extension 'colcon_pkg'
[2.577s] Level 1:colcon.colcon_core.package_identification:_identify(webapp/target/classes/templates) by extensions ['colcon_meta']
[2.577s] Level 1:colcon.colcon_core.package_identification:_identify(webapp/target/classes/templates) by extension 'colcon_meta'
[2.578s] Level 1:colcon.colcon_core.package_identification:_identify(webapp/target/classes/templates) by extensions ['ros']
[2.578s] Level 1:colcon.colcon_core.package_identification:_identify(webapp/target/classes/templates) by extension 'ros'
[2.578s] Level 1:colcon.colcon_core.package_identification:_identify(webapp/target/classes/templates) by extensions ['cmake', 'python']
[2.578s] Level 1:colcon.colcon_core.package_identification:_identify(webapp/target/classes/templates) by extension 'cmake'
[2.579s] Level 1:colcon.colcon_core.package_identification:_identify(webapp/target/classes/templates) by extension 'python'
[2.579s] Level 1:colcon.colcon_core.package_identification:_identify(webapp/target/classes/templates) by extensions ['python_setup_py']
[2.579s] Level 1:colcon.colcon_core.package_identification:_identify(webapp/target/classes/templates) by extension 'python_setup_py'
[2.580s] Level 1:colcon.colcon_core.package_identification:_identify(webapp/target/generated-sources) by extensions ['ignore', 'ignore_ament_install']
[2.581s] Level 1:colcon.colcon_core.package_identification:_identify(webapp/target/generated-sources) by extension 'ignore'
[2.581s] Level 1:colcon.colcon_core.package_identification:_identify(webapp/target/generated-sources) by extension 'ignore_ament_install'
[2.582s] Level 1:colcon.colcon_core.package_identification:_identify(webapp/target/generated-sources) by extensions ['colcon_pkg']
[2.582s] Level 1:colcon.colcon_core.package_identification:_identify(webapp/target/generated-sources) by extension 'colcon_pkg'
[2.582s] Level 1:colcon.colcon_core.package_identification:_identify(webapp/target/generated-sources) by extensions ['colcon_meta']
[2.582s] Level 1:colcon.colcon_core.package_identification:_identify(webapp/target/generated-sources) by extension 'colcon_meta'
[2.582s] Level 1:colcon.colcon_core.package_identification:_identify(webapp/target/generated-sources) by extensions ['ros']
[2.583s] Level 1:colcon.colcon_core.package_identification:_identify(webapp/target/generated-sources) by extension 'ros'
[2.583s] Level 1:colcon.colcon_core.package_identification:_identify(webapp/target/generated-sources) by extensions ['cmake', 'python']
[2.583s] Level 1:colcon.colcon_core.package_identification:_identify(webapp/target/generated-sources) by extension 'cmake'
[2.583s] Level 1:colcon.colcon_core.package_identification:_identify(webapp/target/generated-sources) by extension 'python'
[2.584s] Level 1:colcon.colcon_core.package_identification:_identify(webapp/target/generated-sources) by extensions ['python_setup_py']
[2.584s] Level 1:colcon.colcon_core.package_identification:_identify(webapp/target/generated-sources) by extension 'python_setup_py'
[2.585s] Level 1:colcon.colcon_core.package_identification:_identify(webapp/target/generated-sources/annotations) by extensions ['ignore', 'ignore_ament_install']
[2.585s] Level 1:colcon.colcon_core.package_identification:_identify(webapp/target/generated-sources/annotations) by extension 'ignore'
[2.586s] Level 1:colcon.colcon_core.package_identification:_identify(webapp/target/generated-sources/annotations) by extension 'ignore_ament_install'
[2.586s] Level 1:colcon.colcon_core.package_identification:_identify(webapp/target/generated-sources/annotations) by extensions ['colcon_pkg']
[2.586s] Level 1:colcon.colcon_core.package_identification:_identify(webapp/target/generated-sources/annotations) by extension 'colcon_pkg'
[2.586s] Level 1:colcon.colcon_core.package_identification:_identify(webapp/target/generated-sources/annotations) by extensions ['colcon_meta']
[2.586s] Level 1:colcon.colcon_core.package_identification:_identify(webapp/target/generated-sources/annotations) by extension 'colcon_meta'
[2.587s] Level 1:colcon.colcon_core.package_identification:_identify(webapp/target/generated-sources/annotations) by extensions ['ros']
[2.587s] Level 1:colcon.colcon_core.package_identification:_identify(webapp/target/generated-sources/annotations) by extension 'ros'
[2.587s] Level 1:colcon.colcon_core.package_identification:_identify(webapp/target/generated-sources/annotations) by extensions ['cmake', 'python']
[2.588s] Level 1:colcon.colcon_core.package_identification:_identify(webapp/target/generated-sources/annotations) by extension 'cmake'
[2.588s] Level 1:colcon.colcon_core.package_identification:_identify(webapp/target/generated-sources/annotations) by extension 'python'
[2.588s] Level 1:colcon.colcon_core.package_identification:_identify(webapp/target/generated-sources/annotations) by extensions ['python_setup_py']
[2.588s] Level 1:colcon.colcon_core.package_identification:_identify(webapp/target/generated-sources/annotations) by extension 'python_setup_py'
[2.589s] Level 1:colcon.colcon_core.package_identification:_identify(webapp/target/generated-test-sources) by extensions ['ignore', 'ignore_ament_install']
[2.590s] Level 1:colcon.colcon_core.package_identification:_identify(webapp/target/generated-test-sources) by extension 'ignore'
[2.590s] Level 1:colcon.colcon_core.package_identification:_identify(webapp/target/generated-test-sources) by extension 'ignore_ament_install'
[2.590s] Level 1:colcon.colcon_core.package_identification:_identify(webapp/target/generated-test-sources) by extensions ['colcon_pkg']
[2.591s] Level 1:colcon.colcon_core.package_identification:_identify(webapp/target/generated-test-sources) by extension 'colcon_pkg'
[2.591s] Level 1:colcon.colcon_core.package_identification:_identify(webapp/target/generated-test-sources) by extensions ['colcon_meta']
[2.591s] Level 1:colcon.colcon_core.package_identification:_identify(webapp/target/generated-test-sources) by extension 'colcon_meta'
[2.591s] Level 1:colcon.colcon_core.package_identification:_identify(webapp/target/generated-test-sources) by extensions ['ros']
[2.591s] Level 1:colcon.colcon_core.package_identification:_identify(webapp/target/generated-test-sources) by extension 'ros'
[2.592s] Level 1:colcon.colcon_core.package_identification:_identify(webapp/target/generated-test-sources) by extensions ['cmake', 'python']
[2.592s] Level 1:colcon.colcon_core.package_identification:_identify(webapp/target/generated-test-sources) by extension 'cmake'
[2.592s] Level 1:colcon.colcon_core.package_identification:_identify(webapp/target/generated-test-sources) by extension 'python'
[2.593s] Level 1:colcon.colcon_core.package_identification:_identify(webapp/target/generated-test-sources) by extensions ['python_setup_py']
[2.593s] Level 1:colcon.colcon_core.package_identification:_identify(webapp/target/generated-test-sources) by extension 'python_setup_py'
[2.594s] Level 1:colcon.colcon_core.package_identification:_identify(webapp/target/generated-test-sources/test-annotations) by extensions ['ignore', 'ignore_ament_install']
[2.594s] Level 1:colcon.colcon_core.package_identification:_identify(webapp/target/generated-test-sources/test-annotations) by extension 'ignore'
[2.594s] Level 1:colcon.colcon_core.package_identification:_identify(webapp/target/generated-test-sources/test-annotations) by extension 'ignore_ament_install'
[2.595s] Level 1:colcon.colcon_core.package_identification:_identify(webapp/target/generated-test-sources/test-annotations) by extensions ['colcon_pkg']
[2.595s] Level 1:colcon.colcon_core.package_identification:_identify(webapp/target/generated-test-sources/test-annotations) by extension 'colcon_pkg'
[2.595s] Level 1:colcon.colcon_core.package_identification:_identify(webapp/target/generated-test-sources/test-annotations) by extensions ['colcon_meta']
[2.595s] Level 1:colcon.colcon_core.package_identification:_identify(webapp/target/generated-test-sources/test-annotations) by extension 'colcon_meta'
[2.596s] Level 1:colcon.colcon_core.package_identification:_identify(webapp/target/generated-test-sources/test-annotations) by extensions ['ros']
[2.596s] Level 1:colcon.colcon_core.package_identification:_identify(webapp/target/generated-test-sources/test-annotations) by extension 'ros'
[2.596s] Level 1:colcon.colcon_core.package_identification:_identify(webapp/target/generated-test-sources/test-annotations) by extensions ['cmake', 'python']
[2.596s] Level 1:colcon.colcon_core.package_identification:_identify(webapp/target/generated-test-sources/test-annotations) by extension 'cmake'
[2.597s] Level 1:colcon.colcon_core.package_identification:_identify(webapp/target/generated-test-sources/test-annotations) by extension 'python'
[2.597s] Level 1:colcon.colcon_core.package_identification:_identify(webapp/target/generated-test-sources/test-annotations) by extensions ['python_setup_py']
[2.597s] Level 1:colcon.colcon_core.package_identification:_identify(webapp/target/generated-test-sources/test-annotations) by extension 'python_setup_py'
[2.598s] Level 1:colcon.colcon_core.package_identification:_identify(webapp/target/maven-status) by extensions ['ignore', 'ignore_ament_install']
[2.599s] Level 1:colcon.colcon_core.package_identification:_identify(webapp/target/maven-status) by extension 'ignore'
[2.599s] Level 1:colcon.colcon_core.package_identification:_identify(webapp/target/maven-status) by extension 'ignore_ament_install'
[2.599s] Level 1:colcon.colcon_core.package_identification:_identify(webapp/target/maven-status) by extensions ['colcon_pkg']
[2.599s] Level 1:colcon.colcon_core.package_identification:_identify(webapp/target/maven-status) by extension 'colcon_pkg'
[2.600s] Level 1:colcon.colcon_core.package_identification:_identify(webapp/target/maven-status) by extensions ['colcon_meta']
[2.600s] Level 1:colcon.colcon_core.package_identification:_identify(webapp/target/maven-status) by extension 'colcon_meta'
[2.600s] Level 1:colcon.colcon_core.package_identification:_identify(webapp/target/maven-status) by extensions ['ros']
[2.600s] Level 1:colcon.colcon_core.package_identification:_identify(webapp/target/maven-status) by extension 'ros'
[2.601s] Level 1:colcon.colcon_core.package_identification:_identify(webapp/target/maven-status) by extensions ['cmake', 'python']
[2.601s] Level 1:colcon.colcon_core.package_identification:_identify(webapp/target/maven-status) by extension 'cmake'
[2.601s] Level 1:colcon.colcon_core.package_identification:_identify(webapp/target/maven-status) by extension 'python'
[2.601s] Level 1:colcon.colcon_core.package_identification:_identify(webapp/target/maven-status) by extensions ['python_setup_py']
[2.601s] Level 1:colcon.colcon_core.package_identification:_identify(webapp/target/maven-status) by extension 'python_setup_py'
[2.603s] Level 1:colcon.colcon_core.package_identification:_identify(webapp/target/maven-status/maven-compiler-plugin) by extensions ['ignore', 'ignore_ament_install']
[2.603s] Level 1:colcon.colcon_core.package_identification:_identify(webapp/target/maven-status/maven-compiler-plugin) by extension 'ignore'
[2.603s] Level 1:colcon.colcon_core.package_identification:_identify(webapp/target/maven-status/maven-compiler-plugin) by extension 'ignore_ament_install'
[2.604s] Level 1:colcon.colcon_core.package_identification:_identify(webapp/target/maven-status/maven-compiler-plugin) by extensions ['colcon_pkg']
[2.604s] Level 1:colcon.colcon_core.package_identification:_identify(webapp/target/maven-status/maven-compiler-plugin) by extension 'colcon_pkg'
[2.604s] Level 1:colcon.colcon_core.package_identification:_identify(webapp/target/maven-status/maven-compiler-plugin) by extensions ['colcon_meta']
[2.604s] Level 1:colcon.colcon_core.package_identification:_identify(webapp/target/maven-status/maven-compiler-plugin) by extension 'colcon_meta'
[2.605s] Level 1:colcon.colcon_core.package_identification:_identify(webapp/target/maven-status/maven-compiler-plugin) by extensions ['ros']
[2.605s] Level 1:colcon.colcon_core.package_identification:_identify(webapp/target/maven-status/maven-compiler-plugin) by extension 'ros'
[2.605s] Level 1:colcon.colcon_core.package_identification:_identify(webapp/target/maven-status/maven-compiler-plugin) by extensions ['cmake', 'python']
[2.605s] Level 1:colcon.colcon_core.package_identification:_identify(webapp/target/maven-status/maven-compiler-plugin) by extension 'cmake'
[2.606s] Level 1:colcon.colcon_core.package_identification:_identify(webapp/target/maven-status/maven-compiler-plugin) by extension 'python'
[2.606s] Level 1:colcon.colcon_core.package_identification:_identify(webapp/target/maven-status/maven-compiler-plugin) by extensions ['python_setup_py']
[2.606s] Level 1:colcon.colcon_core.package_identification:_identify(webapp/target/maven-status/maven-compiler-plugin) by extension 'python_setup_py'
[2.607s] Level 1:colcon.colcon_core.package_identification:_identify(webapp/target/maven-status/maven-compiler-plugin/compile) by extensions ['ignore', 'ignore_ament_install']
[2.608s] Level 1:colcon.colcon_core.package_identification:_identify(webapp/target/maven-status/maven-compiler-plugin/compile) by extension 'ignore'
[2.608s] Level 1:colcon.colcon_core.package_identification:_identify(webapp/target/maven-status/maven-compiler-plugin/compile) by extension 'ignore_ament_install'
[2.608s] Level 1:colcon.colcon_core.package_identification:_identify(webapp/target/maven-status/maven-compiler-plugin/compile) by extensions ['colcon_pkg']
[2.608s] Level 1:colcon.colcon_core.package_identification:_identify(webapp/target/maven-status/maven-compiler-plugin/compile) by extension 'colcon_pkg'
[2.609s] Level 1:colcon.colcon_core.package_identification:_identify(webapp/target/maven-status/maven-compiler-plugin/compile) by extensions ['colcon_meta']
[2.609s] Level 1:colcon.colcon_core.package_identification:_identify(webapp/target/maven-status/maven-compiler-plugin/compile) by extension 'colcon_meta'
[2.609s] Level 1:colcon.colcon_core.package_identification:_identify(webapp/target/maven-status/maven-compiler-plugin/compile) by extensions ['ros']
[2.609s] Level 1:colcon.colcon_core.package_identification:_identify(webapp/target/maven-status/maven-compiler-plugin/compile) by extension 'ros'
[2.610s] Level 1:colcon.colcon_core.package_identification:_identify(webapp/target/maven-status/maven-compiler-plugin/compile) by extensions ['cmake', 'python']
[2.610s] Level 1:colcon.colcon_core.package_identification:_identify(webapp/target/maven-status/maven-compiler-plugin/compile) by extension 'cmake'
[2.610s] Level 1:colcon.colcon_core.package_identification:_identify(webapp/target/maven-status/maven-compiler-plugin/compile) by extension 'python'
[2.610s] Level 1:colcon.colcon_core.package_identification:_identify(webapp/target/maven-status/maven-compiler-plugin/compile) by extensions ['python_setup_py']
[2.610s] Level 1:colcon.colcon_core.package_identification:_identify(webapp/target/maven-status/maven-compiler-plugin/compile) by extension 'python_setup_py'
[2.612s] Level 1:colcon.colcon_core.package_identification:_identify(webapp/target/maven-status/maven-compiler-plugin/compile/default-compile) by extensions ['ignore', 'ignore_ament_install']
[2.612s] Level 1:colcon.colcon_core.package_identification:_identify(webapp/target/maven-status/maven-compiler-plugin/compile/default-compile) by extension 'ignore'
[2.612s] Level 1:colcon.colcon_core.package_identification:_identify(webapp/target/maven-status/maven-compiler-plugin/compile/default-compile) by extension 'ignore_ament_install'
[2.613s] Level 1:colcon.colcon_core.package_identification:_identify(webapp/target/maven-status/maven-compiler-plugin/compile/default-compile) by extensions ['colcon_pkg']
[2.613s] Level 1:colcon.colcon_core.package_identification:_identify(webapp/target/maven-status/maven-compiler-plugin/compile/default-compile) by extension 'colcon_pkg'
[2.613s] Level 1:colcon.colcon_core.package_identification:_identify(webapp/target/maven-status/maven-compiler-plugin/compile/default-compile) by extensions ['colcon_meta']
[2.613s] Level 1:colcon.colcon_core.package_identification:_identify(webapp/target/maven-status/maven-compiler-plugin/compile/default-compile) by extension 'colcon_meta'
[2.614s] Level 1:colcon.colcon_core.package_identification:_identify(webapp/target/maven-status/maven-compiler-plugin/compile/default-compile) by extensions ['ros']
[2.614s] Level 1:colcon.colcon_core.package_identification:_identify(webapp/target/maven-status/maven-compiler-plugin/compile/default-compile) by extension 'ros'
[2.614s] Level 1:colcon.colcon_core.package_identification:_identify(webapp/target/maven-status/maven-compiler-plugin/compile/default-compile) by extensions ['cmake', 'python']
[2.614s] Level 1:colcon.colcon_core.package_identification:_identify(webapp/target/maven-status/maven-compiler-plugin/compile/default-compile) by extension 'cmake'
[2.615s] Level 1:colcon.colcon_core.package_identification:_identify(webapp/target/maven-status/maven-compiler-plugin/compile/default-compile) by extension 'python'
[2.615s] Level 1:colcon.colcon_core.package_identification:_identify(webapp/target/maven-status/maven-compiler-plugin/compile/default-compile) by extensions ['python_setup_py']
[2.615s] Level 1:colcon.colcon_core.package_identification:_identify(webapp/target/maven-status/maven-compiler-plugin/compile/default-compile) by extension 'python_setup_py'
[2.616s] Level 1:colcon.colcon_core.package_identification:_identify(webapp/target/maven-status/maven-compiler-plugin/testCompile) by extensions ['ignore', 'ignore_ament_install']
[2.617s] Level 1:colcon.colcon_core.package_identification:_identify(webapp/target/maven-status/maven-compiler-plugin/testCompile) by extension 'ignore'
[2.617s] Level 1:colcon.colcon_core.package_identification:_identify(webapp/target/maven-status/maven-compiler-plugin/testCompile) by extension 'ignore_ament_install'
[2.618s] Level 1:colcon.colcon_core.package_identification:_identify(webapp/target/maven-status/maven-compiler-plugin/testCompile) by extensions ['colcon_pkg']
[2.618s] Level 1:colcon.colcon_core.package_identification:_identify(webapp/target/maven-status/maven-compiler-plugin/testCompile) by extension 'colcon_pkg'
[2.618s] Level 1:colcon.colcon_core.package_identification:_identify(webapp/target/maven-status/maven-compiler-plugin/testCompile) by extensions ['colcon_meta']
[2.618s] Level 1:colcon.colcon_core.package_identification:_identify(webapp/target/maven-status/maven-compiler-plugin/testCompile) by extension 'colcon_meta'
[2.618s] Level 1:colcon.colcon_core.package_identification:_identify(webapp/target/maven-status/maven-compiler-plugin/testCompile) by extensions ['ros']
[2.619s] Level 1:colcon.colcon_core.package_identification:_identify(webapp/target/maven-status/maven-compiler-plugin/testCompile) by extension 'ros'
[2.619s] Level 1:colcon.colcon_core.package_identification:_identify(webapp/target/maven-status/maven-compiler-plugin/testCompile) by extensions ['cmake', 'python']
[2.620s] Level 1:colcon.colcon_core.package_identification:_identify(webapp/target/maven-status/maven-compiler-plugin/testCompile) by extension 'cmake'
[2.620s] Level 1:colcon.colcon_core.package_identification:_identify(webapp/target/maven-status/maven-compiler-plugin/testCompile) by extension 'python'
[2.620s] Level 1:colcon.colcon_core.package_identification:_identify(webapp/target/maven-status/maven-compiler-plugin/testCompile) by extensions ['python_setup_py']
[2.620s] Level 1:colcon.colcon_core.package_identification:_identify(webapp/target/maven-status/maven-compiler-plugin/testCompile) by extension 'python_setup_py'
[2.622s] Level 1:colcon.colcon_core.package_identification:_identify(webapp/target/maven-status/maven-compiler-plugin/testCompile/default-testCompile) by extensions ['ignore', 'ignore_ament_install']
[2.622s] Level 1:colcon.colcon_core.package_identification:_identify(webapp/target/maven-status/maven-compiler-plugin/testCompile/default-testCompile) by extension 'ignore'
[2.622s] Level 1:colcon.colcon_core.package_identification:_identify(webapp/target/maven-status/maven-compiler-plugin/testCompile/default-testCompile) by extension 'ignore_ament_install'
[2.623s] Level 1:colcon.colcon_core.package_identification:_identify(webapp/target/maven-status/maven-compiler-plugin/testCompile/default-testCompile) by extensions ['colcon_pkg']
[2.623s] Level 1:colcon.colcon_core.package_identification:_identify(webapp/target/maven-status/maven-compiler-plugin/testCompile/default-testCompile) by extension 'colcon_pkg'
[2.623s] Level 1:colcon.colcon_core.package_identification:_identify(webapp/target/maven-status/maven-compiler-plugin/testCompile/default-testCompile) by extensions ['colcon_meta']
[2.623s] Level 1:colcon.colcon_core.package_identification:_identify(webapp/target/maven-status/maven-compiler-plugin/testCompile/default-testCompile) by extension 'colcon_meta'
[2.624s] Level 1:colcon.colcon_core.package_identification:_identify(webapp/target/maven-status/maven-compiler-plugin/testCompile/default-testCompile) by extensions ['ros']
[2.624s] Level 1:colcon.colcon_core.package_identification:_identify(webapp/target/maven-status/maven-compiler-plugin/testCompile/default-testCompile) by extension 'ros'
[2.624s] Level 1:colcon.colcon_core.package_identification:_identify(webapp/target/maven-status/maven-compiler-plugin/testCompile/default-testCompile) by extensions ['cmake', 'python']
[2.625s] Level 1:colcon.colcon_core.package_identification:_identify(webapp/target/maven-status/maven-compiler-plugin/testCompile/default-testCompile) by extension 'cmake'
[2.625s] Level 1:colcon.colcon_core.package_identification:_identify(webapp/target/maven-status/maven-compiler-plugin/testCompile/default-testCompile) by extension 'python'
[2.625s] Level 1:colcon.colcon_core.package_identification:_identify(webapp/target/maven-status/maven-compiler-plugin/testCompile/default-testCompile) by extensions ['python_setup_py']
[2.625s] Level 1:colcon.colcon_core.package_identification:_identify(webapp/target/maven-status/maven-compiler-plugin/testCompile/default-testCompile) by extension 'python_setup_py'
[2.627s] Level 1:colcon.colcon_core.package_identification:_identify(webapp/target/surefire-reports) by extensions ['ignore', 'ignore_ament_install']
[2.627s] Level 1:colcon.colcon_core.package_identification:_identify(webapp/target/surefire-reports) by extension 'ignore'
[2.628s] Level 1:colcon.colcon_core.package_identification:_identify(webapp/target/surefire-reports) by extension 'ignore_ament_install'
[2.628s] Level 1:colcon.colcon_core.package_identification:_identify(webapp/target/surefire-reports) by extensions ['colcon_pkg']
[2.628s] Level 1:colcon.colcon_core.package_identification:_identify(webapp/target/surefire-reports) by extension 'colcon_pkg'
[2.628s] Level 1:colcon.colcon_core.package_identification:_identify(webapp/target/surefire-reports) by extensions ['colcon_meta']
[2.628s] Level 1:colcon.colcon_core.package_identification:_identify(webapp/target/surefire-reports) by extension 'colcon_meta'
[2.629s] Level 1:colcon.colcon_core.package_identification:_identify(webapp/target/surefire-reports) by extensions ['ros']
[2.629s] Level 1:colcon.colcon_core.package_identification:_identify(webapp/target/surefire-reports) by extension 'ros'
[2.629s] Level 1:colcon.colcon_core.package_identification:_identify(webapp/target/surefire-reports) by extensions ['cmake', 'python']
[2.629s] Level 1:colcon.colcon_core.package_identification:_identify(webapp/target/surefire-reports) by extension 'cmake'
[2.630s] Level 1:colcon.colcon_core.package_identification:_identify(webapp/target/surefire-reports) by extension 'python'
[2.630s] Level 1:colcon.colcon_core.package_identification:_identify(webapp/target/surefire-reports) by extensions ['python_setup_py']
[2.630s] Level 1:colcon.colcon_core.package_identification:_identify(webapp/target/surefire-reports) by extension 'python_setup_py'
[2.631s] Level 1:colcon.colcon_core.package_identification:_identify(webapp/target/test-classes) by extensions ['ignore', 'ignore_ament_install']
[2.632s] Level 1:colcon.colcon_core.package_identification:_identify(webapp/target/test-classes) by extension 'ignore'
[2.632s] Level 1:colcon.colcon_core.package_identification:_identify(webapp/target/test-classes) by extension 'ignore_ament_install'
[2.632s] Level 1:colcon.colcon_core.package_identification:_identify(webapp/target/test-classes) by extensions ['colcon_pkg']
[2.632s] Level 1:colcon.colcon_core.package_identification:_identify(webapp/target/test-classes) by extension 'colcon_pkg'
[2.632s] Level 1:colcon.colcon_core.package_identification:_identify(webapp/target/test-classes) by extensions ['colcon_meta']
[2.633s] Level 1:colcon.colcon_core.package_identification:_identify(webapp/target/test-classes) by extension 'colcon_meta'
[2.633s] Level 1:colcon.colcon_core.package_identification:_identify(webapp/target/test-classes) by extensions ['ros']
[2.633s] Level 1:colcon.colcon_core.package_identification:_identify(webapp/target/test-classes) by extension 'ros'
[2.633s] Level 1:colcon.colcon_core.package_identification:_identify(webapp/target/test-classes) by extensions ['cmake', 'python']
[2.634s] Level 1:colcon.colcon_core.package_identification:_identify(webapp/target/test-classes) by extension 'cmake'
[2.634s] Level 1:colcon.colcon_core.package_identification:_identify(webapp/target/test-classes) by extension 'python'
[2.634s] Level 1:colcon.colcon_core.package_identification:_identify(webapp/target/test-classes) by extensions ['python_setup_py']
[2.634s] Level 1:colcon.colcon_core.package_identification:_identify(webapp/target/test-classes) by extension 'python_setup_py'
[2.635s] Level 1:colcon.colcon_core.package_identification:_identify(webapp/target/test-classes/com) by extensions ['ignore', 'ignore_ament_install']
[2.636s] Level 1:colcon.colcon_core.package_identification:_identify(webapp/target/test-classes/com) by extension 'ignore'
[2.636s] Level 1:colcon.colcon_core.package_identification:_identify(webapp/target/test-classes/com) by extension 'ignore_ament_install'
[2.637s] Level 1:colcon.colcon_core.package_identification:_identify(webapp/target/test-classes/com) by extensions ['colcon_pkg']
[2.637s] Level 1:colcon.colcon_core.package_identification:_identify(webapp/target/test-classes/com) by extension 'colcon_pkg'
[2.637s] Level 1:colcon.colcon_core.package_identification:_identify(webapp/target/test-classes/com) by extensions ['colcon_meta']
[2.637s] Level 1:colcon.colcon_core.package_identification:_identify(webapp/target/test-classes/com) by extension 'colcon_meta'
[2.637s] Level 1:colcon.colcon_core.package_identification:_identify(webapp/target/test-classes/com) by extensions ['ros']
[2.638s] Level 1:colcon.colcon_core.package_identification:_identify(webapp/target/test-classes/com) by extension 'ros'
[2.638s] Level 1:colcon.colcon_core.package_identification:_identify(webapp/target/test-classes/com) by extensions ['cmake', 'python']
[2.638s] Level 1:colcon.colcon_core.package_identification:_identify(webapp/target/test-classes/com) by extension 'cmake'
[2.638s] Level 1:colcon.colcon_core.package_identification:_identify(webapp/target/test-classes/com) by extension 'python'
[2.639s] Level 1:colcon.colcon_core.package_identification:_identify(webapp/target/test-classes/com) by extensions ['python_setup_py']
[2.639s] Level 1:colcon.colcon_core.package_identification:_identify(webapp/target/test-classes/com) by extension 'python_setup_py'
[2.640s] Level 1:colcon.colcon_core.package_identification:_identify(webapp/target/test-classes/com/cmds) by extensions ['ignore', 'ignore_ament_install']
[2.641s] Level 1:colcon.colcon_core.package_identification:_identify(webapp/target/test-classes/com/cmds) by extension 'ignore'
[2.641s] Level 1:colcon.colcon_core.package_identification:_identify(webapp/target/test-classes/com/cmds) by extension 'ignore_ament_install'
[2.641s] Level 1:colcon.colcon_core.package_identification:_identify(webapp/target/test-classes/com/cmds) by extensions ['colcon_pkg']
[2.641s] Level 1:colcon.colcon_core.package_identification:_identify(webapp/target/test-classes/com/cmds) by extension 'colcon_pkg'
[2.642s] Level 1:colcon.colcon_core.package_identification:_identify(webapp/target/test-classes/com/cmds) by extensions ['colcon_meta']
[2.642s] Level 1:colcon.colcon_core.package_identification:_identify(webapp/target/test-classes/com/cmds) by extension 'colcon_meta'
[2.642s] Level 1:colcon.colcon_core.package_identification:_identify(webapp/target/test-classes/com/cmds) by extensions ['ros']
[2.642s] Level 1:colcon.colcon_core.package_identification:_identify(webapp/target/test-classes/com/cmds) by extension 'ros'
[2.643s] Level 1:colcon.colcon_core.package_identification:_identify(webapp/target/test-classes/com/cmds) by extensions ['cmake', 'python']
[2.643s] Level 1:colcon.colcon_core.package_identification:_identify(webapp/target/test-classes/com/cmds) by extension 'cmake'
[2.643s] Level 1:colcon.colcon_core.package_identification:_identify(webapp/target/test-classes/com/cmds) by extension 'python'
[2.643s] Level 1:colcon.colcon_core.package_identification:_identify(webapp/target/test-classes/com/cmds) by extensions ['python_setup_py']
[2.644s] Level 1:colcon.colcon_core.package_identification:_identify(webapp/target/test-classes/com/cmds) by extension 'python_setup_py'
[2.645s] Level 1:colcon.colcon_core.package_identification:_identify(webapp/target/test-classes/com/cmds/webapp) by extensions ['ignore', 'ignore_ament_install']
[2.645s] Level 1:colcon.colcon_core.package_identification:_identify(webapp/target/test-classes/com/cmds/webapp) by extension 'ignore'
[2.646s] Level 1:colcon.colcon_core.package_identification:_identify(webapp/target/test-classes/com/cmds/webapp) by extension 'ignore_ament_install'
[2.646s] Level 1:colcon.colcon_core.package_identification:_identify(webapp/target/test-classes/com/cmds/webapp) by extensions ['colcon_pkg']
[2.646s] Level 1:colcon.colcon_core.package_identification:_identify(webapp/target/test-classes/com/cmds/webapp) by extension 'colcon_pkg'
[2.646s] Level 1:colcon.colcon_core.package_identification:_identify(webapp/target/test-classes/com/cmds/webapp) by extensions ['colcon_meta']
[2.646s] Level 1:colcon.colcon_core.package_identification:_identify(webapp/target/test-classes/com/cmds/webapp) by extension 'colcon_meta'
[2.647s] Level 1:colcon.colcon_core.package_identification:_identify(webapp/target/test-classes/com/cmds/webapp) by extensions ['ros']
[2.647s] Level 1:colcon.colcon_core.package_identification:_identify(webapp/target/test-classes/com/cmds/webapp) by extension 'ros'
[2.647s] Level 1:colcon.colcon_core.package_identification:_identify(webapp/target/test-classes/com/cmds/webapp) by extensions ['cmake', 'python']
[2.648s] Level 1:colcon.colcon_core.package_identification:_identify(webapp/target/test-classes/com/cmds/webapp) by extension 'cmake'
[2.648s] Level 1:colcon.colcon_core.package_identification:_identify(webapp/target/test-classes/com/cmds/webapp) by extension 'python'
[2.648s] Level 1:colcon.colcon_core.package_identification:_identify(webapp/target/test-classes/com/cmds/webapp) by extensions ['python_setup_py']
[2.648s] Level 1:colcon.colcon_core.package_identification:_identify(webapp/target/test-classes/com/cmds/webapp) by extension 'python_setup_py'
[2.648s] Level 1:colcon.colcon_core.package_discovery:discover_packages(recursive) using defaults
[2.649s] Level 1:colcon.colcon_core.package_discovery:discover_packages(ignore) discover
[2.649s] Level 1:colcon.colcon_core.package_discovery:discover_packages(ignore) using defaults
[2.649s] Level 1:colcon.colcon_core.package_discovery:discover_packages(path) discover
[2.649s] Level 1:colcon.colcon_core.package_discovery:discover_packages(path) using defaults
[2.820s] Level 1:colcon.colcon_core.package_discovery:discover_packages(prefix_path) check parameters
[2.820s] Level 1:colcon.colcon_core.package_discovery:discover_packages(prefix_path) discover
[2.837s] DEBUG:colcon.colcon_installed_package_information.package_discovery:Found 2 installed packages in /home/capstone2526/cmdr_ws/install
[2.840s] DEBUG:colcon.colcon_installed_package_information.package_discovery:Found 1 installed packages in /home/capstone2526/cmdr_ws/src/carleton-mail-delivery-robot/install
[2.853s] DEBUG:colcon.colcon_installed_package_information.package_discovery:Found 277 installed packages in /opt/ros/humble
[2.861s] Level 1:colcon.colcon_core.package_discovery:discover_packages(prefix_path) using defaults
[3.070s] Level 5:colcon.colcon_core.verb:set package 'mail-delivery-robot' build argument 'cmake_args' from command line to 'None'
[3.070s] Level 5:colcon.colcon_core.verb:set package 'mail-delivery-robot' build argument 'cmake_target' from command line to 'None'
[3.070s] Level 5:colcon.colcon_core.verb:set package 'mail-delivery-robot' build argument 'cmake_target_skip_unavailable' from command line to 'False'
[3.070s] Level 5:colcon.colcon_core.verb:set package 'mail-delivery-robot' build argument 'cmake_clean_cache' from command line to 'False'
[3.070s] Level 5:colcon.colcon_core.verb:set package 'mail-delivery-robot' build argument 'cmake_clean_first' from command line to 'False'
[3.071s] Level 5:colcon.colcon_core.verb:set package 'mail-delivery-robot' build argument 'cmake_force_configure' from command line to 'False'
[3.071s] Level 5:colcon.colcon_core.verb:set package 'mail-delivery-robot' build argument 'ament_cmake_args' from command line to 'None'
[3.071s] Level 5:colcon.colcon_core.verb:set package 'mail-delivery-robot' build argument 'catkin_cmake_args' from command line to 'None'
[3.071s] Level 5:colcon.colcon_core.verb:set package 'mail-delivery-robot' build argument 'catkin_skip_building_tests' from command line to 'False'
[3.071s] DEBUG:colcon.colcon_core.verb:Building package 'mail-delivery-robot' with the following arguments: {'ament_cmake_args': None, 'build_base': '/home/capstone2526/cmdr_ws/src/carleton-mail-delivery-robot/build/mail-delivery-robot', 'catkin_cmake_args': None, 'catkin_skip_building_tests': False, 'cmake_args': None, 'cmake_clean_cache': False, 'cmake_clean_first': False, 'cmake_force_configure': False, 'cmake_target': None, 'cmake_target_skip_unavailable': False, 'install_base': '/home/capstone2526/cmdr_ws/src/carleton-mail-delivery-robot/install/mail-delivery-robot', 'merge_install': False, 'path': '/home/capstone2526/cmdr_ws/src/carleton-mail-delivery-robot/mail-delivery-robot', 'symlink_install': False, 'test_result_base': None}
[3.072s] INFO:colcon.colcon_core.executor:Executing jobs using 'parallel' executor
[3.075s] DEBUG:colcon.colcon_parallel_executor.executor.parallel:run_until_complete
[3.076s] INFO:colcon.colcon_ros.task.ament_python.build:Building ROS package in '/home/capstone2526/cmdr_ws/src/carleton-mail-delivery-robot/mail-delivery-robot' with build type 'ament_python'
[3.077s] Level 1:colcon.colcon_core.shell:create_environment_hook('mail-delivery-robot', 'ament_prefix_path')
[3.103s] INFO:colcon.colcon_core.plugin_system:Skipping extension 'colcon_core.shell.bat': Not used on non-Windows systems
[3.104s] INFO:colcon.colcon_core.shell:Creating environment hook '/home/capstone2526/cmdr_ws/src/carleton-mail-delivery-robot/install/mail-delivery-robot/share/mail-delivery-robot/hook/ament_prefix_path.ps1'
[3.109s] INFO:colcon.colcon_core.shell:Creating environment descriptor '/home/capstone2526/cmdr_ws/src/carleton-mail-delivery-robot/install/mail-delivery-robot/share/mail-delivery-robot/hook/ament_prefix_path.dsv'
[3.113s] INFO:colcon.colcon_core.shell:Creating environment hook '/home/capstone2526/cmdr_ws/src/carleton-mail-delivery-robot/install/mail-delivery-robot/share/mail-delivery-robot/hook/ament_prefix_path.sh'
[3.118s] INFO:colcon.colcon_core.shell:Skip shell extension 'powershell' for command environment: Not usable outside of PowerShell
[3.118s] DEBUG:colcon.colcon_core.shell:Skip shell extension 'dsv' for command environment
[4.526s] INFO:colcon.colcon_core.task.python.build:Building Python package in '/home/capstone2526/cmdr_ws/src/carleton-mail-delivery-robot/mail-delivery-robot'
[4.527s] INFO:colcon.colcon_core.shell:Skip shell extension 'powershell' for command environment: Not usable outside of PowerShell
[4.527s] DEBUG:colcon.colcon_core.shell:Skip shell extension 'dsv' for command environment
[7.012s] DEBUG:colcon.colcon_core.event_handler.log_command:Invoking command in '/home/capstone2526/cmdr_ws/src/carleton-mail-delivery-robot/mail-delivery-robot': PYTHONPATH=/home/capstone2526/cmdr_ws/src/carleton-mail-delivery-robot/build/mail-delivery-robot/prefix_override:/usr/lib/python3/dist-packages/colcon_core/task/python/colcon_distutils_commands:/home/capstone2526/cmdr_ws/src/carleton-mail-delivery-robot/install/mail-delivery-robot/lib/python3.10/site-packages:${PYTHONPATH} /usr/bin/python3 -W ignore:setup.py install is deprecated -W ignore:easy_install command is deprecated setup.py egg_info --egg-base ../build/mail-delivery-robot build --build-base /home/capstone2526/cmdr_ws/src/carleton-mail-delivery-robot/build/mail-delivery-robot/build install --record /home/capstone2526/cmdr_ws/src/carleton-mail-delivery-robot/build/mail-delivery-robot/install.log --single-version-externally-managed install_data
[8.663s] DEBUG:colcon.colcon_core.event_handler.log_command:Invoked command in '/home/capstone2526/cmdr_ws/src/carleton-mail-delivery-robot/mail-delivery-robot' returned '0': PYTHONPATH=/home/capstone2526/cmdr_ws/src/carleton-mail-delivery-robot/build/mail-delivery-robot/prefix_override:/usr/lib/python3/dist-packages/colcon_core/task/python/colcon_distutils_commands:/home/capstone2526/cmdr_ws/src/carleton-mail-delivery-robot/install/mail-delivery-robot/lib/python3.10/site-packages:${PYTHONPATH} /usr/bin/python3 -W ignore:setup.py install is deprecated -W ignore:easy_install command is deprecated setup.py egg_info --egg-base ../build/mail-delivery-robot build --build-base /home/capstone2526/cmdr_ws/src/carleton-mail-delivery-robot/build/mail-delivery-robot/build install --record /home/capstone2526/cmdr_ws/src/carleton-mail-delivery-robot/build/mail-delivery-robot/install.log --single-version-externally-managed install_data
[8.694s] Level 1:colcon.colcon_core.environment:checking '/home/capstone2526/cmdr_ws/src/carleton-mail-delivery-robot/install/mail-delivery-robot' for CMake module files
[8.700s] Level 1:colcon.colcon_core.environment:checking '/home/capstone2526/cmdr_ws/src/carleton-mail-delivery-robot/install/mail-delivery-robot' for CMake config files
[8.709s] Level 1:colcon.colcon_core.environment:checking '/home/capstone2526/cmdr_ws/src/carleton-mail-delivery-robot/install/mail-delivery-robot/lib'
[8.710s] Level 1:colcon.colcon_core.environment:checking '/home/capstone2526/cmdr_ws/src/carleton-mail-delivery-robot/install/mail-delivery-robot/bin'
[8.711s] Level 1:colcon.colcon_core.environment:checking '/home/capstone2526/cmdr_ws/src/carleton-mail-delivery-robot/install/mail-delivery-robot/lib/pkgconfig/mail-delivery-robot.pc'
[8.712s] Level 1:colcon.colcon_core.environment:checking '/home/capstone2526/cmdr_ws/src/carleton-mail-delivery-robot/install/mail-delivery-robot/lib/python3.10/site-packages'
[8.713s] Level 1:colcon.colcon_core.shell:create_environment_hook('mail-delivery-robot', 'pythonpath')
[8.714s] INFO:colcon.colcon_core.shell:Creating environment hook '/home/capstone2526/cmdr_ws/src/carleton-mail-delivery-robot/install/mail-delivery-robot/share/mail-delivery-robot/hook/pythonpath.ps1'
[8.716s] INFO:colcon.colcon_core.shell:Creating environment descriptor '/home/capstone2526/cmdr_ws/src/carleton-mail-delivery-robot/install/mail-delivery-robot/share/mail-delivery-robot/hook/pythonpath.dsv'
[8.719s] INFO:colcon.colcon_core.shell:Creating environment hook '/home/capstone2526/cmdr_ws/src/carleton-mail-delivery-robot/install/mail-delivery-robot/share/mail-delivery-robot/hook/pythonpath.sh'
[8.722s] Level 1:colcon.colcon_core.environment:checking '/home/capstone2526/cmdr_ws/src/carleton-mail-delivery-robot/install/mail-delivery-robot/bin'
[8.722s] Level 1:colcon.colcon_core.environment:create_environment_scripts_only(mail-delivery-robot)
[8.724s] INFO:colcon.colcon_core.shell:Creating package script '/home/capstone2526/cmdr_ws/src/carleton-mail-delivery-robot/install/mail-delivery-robot/share/mail-delivery-robot/package.ps1'
[8.728s] INFO:colcon.colcon_core.shell:Creating package descriptor '/home/capstone2526/cmdr_ws/src/carleton-mail-delivery-robot/install/mail-delivery-robot/share/mail-delivery-robot/package.dsv'
[8.732s] INFO:colcon.colcon_core.shell:Creating package script '/home/capstone2526/cmdr_ws/src/carleton-mail-delivery-robot/install/mail-delivery-robot/share/mail-delivery-robot/package.sh'
[8.736s] INFO:colcon.colcon_core.shell:Creating package script '/home/capstone2526/cmdr_ws/src/carleton-mail-delivery-robot/install/mail-delivery-robot/share/mail-delivery-robot/package.bash'
[8.742s] INFO:colcon.colcon_core.shell:Creating package script '/home/capstone2526/cmdr_ws/src/carleton-mail-delivery-robot/install/mail-delivery-robot/share/mail-delivery-robot/package.zsh'
[8.749s] Level 1:colcon.colcon_core.environment:create_file_with_runtime_dependencies(/home/capstone2526/cmdr_ws/src/carleton-mail-delivery-robot/install/mail-delivery-robot/share/colcon-core/packages/mail-delivery-robot)
[8.751s] DEBUG:colcon.colcon_parallel_executor.executor.parallel:closing loop
[8.752s] DEBUG:colcon.colcon_parallel_executor.executor.parallel:loop closed
[8.753s] DEBUG:colcon.colcon_parallel_executor.executor.parallel:run_until_complete finished with '0'
[8.753s] DEBUG:colcon.colcon_core.event_reactor:joining thread
[8.784s] INFO:colcon.colcon_core.plugin_system:Skipping extension 'colcon_notification.desktop_notification.notify_send': Could not find 'notify-send'
[8.784s] INFO:colcon.colcon_core.plugin_system:Skipping extension 'colcon_notification.desktop_notification.terminal_notifier': Not used on non-Darwin systems
[8.784s] INFO:colcon.colcon_core.plugin_system:Skipping extension 'colcon_notification.desktop_notification.win32': Not used on non-Windows systems
[8.785s] INFO:colcon.colcon_notification.desktop_notification:Sending desktop notification using 'notify2'
[8.872s] DEBUG:colcon.colcon_notification.desktop_notification.notify2:Failed to initialize notify2: org.freedesktop.DBus.Error.ServiceUnknown: The name org.freedesktop.Notifications was not provided by any .service files
[8.873s] DEBUG:colcon.colcon_core.event_reactor:joined thread
[8.874s] INFO:colcon.colcon_core.shell:Creating prefix script '/home/capstone2526/cmdr_ws/src/carleton-mail-delivery-robot/install/local_setup.ps1'
[8.882s] INFO:colcon.colcon_core.shell:Creating prefix util module '/home/capstone2526/cmdr_ws/src/carleton-mail-delivery-robot/install/_local_setup_util_ps1.py'
[8.892s] INFO:colcon.colcon_core.shell:Creating prefix chain script '/home/capstone2526/cmdr_ws/src/carleton-mail-delivery-robot/install/setup.ps1'
[8.900s] INFO:colcon.colcon_core.shell:Creating prefix script '/home/capstone2526/cmdr_ws/src/carleton-mail-delivery-robot/install/local_setup.sh'
[8.904s] INFO:colcon.colcon_core.shell:Creating prefix util module '/home/capstone2526/cmdr_ws/src/carleton-mail-delivery-robot/install/_local_setup_util_sh.py'
[8.907s] INFO:colcon.colcon_core.shell:Creating prefix chain script '/home/capstone2526/cmdr_ws/src/carleton-mail-delivery-robot/install/setup.sh'
[8.914s] INFO:colcon.colcon_core.shell:Creating prefix script '/home/capstone2526/cmdr_ws/src/carleton-mail-delivery-robot/install/local_setup.bash'
[8.918s] INFO:colcon.colcon_core.shell:Creating prefix chain script '/home/capstone2526/cmdr_ws/src/carleton-mail-delivery-robot/install/setup.bash'
[8.924s] INFO:colcon.colcon_core.shell:Creating prefix script '/home/capstone2526/cmdr_ws/src/carleton-mail-delivery-robot/install/local_setup.zsh'
[8.927s] INFO:colcon.colcon_core.shell:Creating prefix chain script '/home/capstone2526/cmdr_ws/src/carleton-mail-delivery-robot/install/setup.zsh'
